poi_name,category,source_keyword,address,distance,lat,lng,telephone,pet_friendly_status,confidence_level,evidence_source,evidence_text,suitable_pet_size,space_type,crowd_level,pet_stress_level,risk_note,transaction_action,route_role
寸打丁·生日蛋糕·咖啡·堂食甜点(新街口店),美食;蛋糕甜品店,新街口 咖啡,中山南路219号（蛋糕外送）,719,32.038982,118.79113,13372021317,待确认,低,百度地图 Place API + 轻量关键词规则,未命中明确宠物友好证据,待确认,待确认,高,中,携宠规则需出发前确认；高峰期人流较大，建议全程牵引并避开 16:00-18:00,出发前确认,候选节点
楠风旧梦猫咪咖啡·狗咖(新街口店),美食;咖啡厅,新街口 咖啡,中山东路南京国际贸易中心30楼（新百B座楼上、近3号或8号电梯）,920,32.046967,118.791435,18205087835,待确认,低,百度地图 Place API + 轻量关键词规则,未命中明确宠物友好证据,待确认,待确认,高,中,携宠规则需出发前确认；高峰期人流较大，建议全程牵引并避开 16:00-18:00,出发前确认,候选节点
星巴克(南京大洋店),美食;咖啡厅,新街口 咖啡,江苏省南京市秦淮区中山南路122号1层1B-17,646,32.044641,118.78987,025-84738776,待确认,低,百度地图 Place API + 轻量关键词规则,未命中明确宠物友好证据,待确认,待确认,高,中,携宠规则需出发前确认；高峰期人流较大，建议全程牵引并避开 16:00-18:00,出发前确认,候选节点
Blue Whale Coffee·蓝鲸咖啡(新街口店),美食;咖啡厅,新街口 咖啡,南台巷西6号-101-4室,341,32.043576,118.786764,18101597098,待确认,低,百度地图 Place API + 轻量关键词规则,未命中明确宠物友好证据,待确认,待确认,高,中,携宠规则需出发前确认；高峰期人流较大，建议全程牵引并避开 16:00-18:00,出发前确认,候选节点
星巴克(南京汉中环亚广场店),美食;咖啡厅,新街口 咖啡,江苏省南京市秦淮区汉中路143号F01-05铺位,744,32.04813,118.78302,025-85732605,待确认,低,百度地图 Place API + 轻量关键词规则,开放空间或街区类 POI，需人工确认携宠规则,小型犬/中型犬,开放空间,中,中,携宠规则需出发前确认；高峰期人流较大，建议全程牵引并避开 16:00-18:00,出发前确认,散步/休息节点
M Stand(南京新街口诺富特店),美食;咖啡厅,新街口 咖啡,淮海路68号诺富特酒店一楼大堂左侧A01,815,32.043523,118.792417,13052240276,待确认,低,百度地图 Place API + 轻量关键词规则,未命中明确宠物友好证据,待确认,待确认,高,中,携宠规则需出发前确认；高峰期人流较大，建议全程牵引并避开 16:00-18:00,出发前确认,候选节点
瑞幸咖啡(新街口苏宁雅悦大堂店),美食;咖啡厅,新街口 咖啡,淮海路88号苏宁雅悦一层大堂,861,32.042826,118.793106,4000100100,待确认,低,百度地图 Place API + 轻量关键词规则,未命中明确宠物友好证据,待确认,待确认,高,中,携宠规则需出发前确认；高峰期人流较大，建议全程牵引并避开 16:00-18:00,出发前确认,候选节点
A Lot cafe and canteen(新街口店),美食;咖啡厅,新街口 咖啡,朝天宫街道新街口丰富路陆家巷6号楼1-1,542,32.043966,118.789061,18651609482,待确认,低,百度地图 Place API + 轻量关键词规则,未命中明确宠物友好证据,待确认,待确认,高,中,携宠规则需出发前确认；高峰期人流较大，建议全程牵引并避开 16:00-18:00,出发前确认,候选节点
COSTA COFFEE(长江路九号店),美食;咖啡厅,新街口 咖啡,长江路九号B1栋一楼（徽商银行背后一栋）,1504,32.049788,118.796723,(025)52232370,待确认,低,百度地图 Place API + 轻量关键词规则,未命中明确宠物友好证据,待确认,待确认,高,中,携宠规则需出发前确认；高峰期人流较大，建议全程牵引并避开 16:00-18:00,出发前确认,候选节点
瑞幸咖啡(新街口新华书店店),美食;咖啡厅,新街口 咖啡,洪武北路98号南京图书发行大厦底商,1144,32.047305,118.794133,4000100100,待确认,低,百度地图 Place API + 轻量关键词规则,未命中明确宠物友好证据,待确认,待确认,高,中,携宠规则需出发前确认；高峰期人流较大，建议全程牵引并避开 16:00-18:00,出发前确认,候选节点
KONTAINER COFFEE STORE,美食;咖啡厅,新街口 咖啡,新街口街道估衣廊8号106（门口有黑色长椅）,1539,32.053007,118.793175,,待确认,低,百度地图 Place API + 轻量关键词规则,未命中明确宠物友好证据,待确认,待确认,高,中,携宠规则需出发前确认；高峰期人流较大，建议全程牵引并避开 16:00-18:00,出发前确认,候选节点
缇里咖啡(南京新街口店),美食;咖啡厅,新街口 咖啡,管家桥61号-102缇里咖啡（新街口管家桥店）,1069,32.050253,118.788812,15240212607,待确认,低,百度地图 Place API + 轻量关键词规则,未命中明确宠物友好证据,待确认,待确认,高,中,携宠规则需出发前确认；高峰期人流较大，建议全程牵引并避开 16:00-18:00,出发前确认,候选节点
UNCLE SEAL CAFE海豹蜀黍,美食;咖啡厅,新街口 咖啡,珠江路88号新世界中心A座3921室,1905,32.055859,118.795138,15850516472,待确认,低,百度地图 Place API + 轻量关键词规则,未命中明确宠物友好证据,待确认,待确认,高,中,携宠规则需出发前确认；高峰期人流较大，建议全程牵引并避开 16:00-18:00,出发前确认,候选节点
拾惑Coffee & Whisky Bar,美食;酒吧,新街口 咖啡,朝天宫街道汉中路89号新街口金鹰国际A座29楼A4(拾惑),724,32.047569,118.786885,13952092503,待确认,低,百度地图 Place API + 轻量关键词规则,未命中明确宠物友好证据,待确认,待确认,高,中,携宠规则需出发前确认；高峰期人流较大，建议全程牵引并避开 16:00-18:00,出发前确认,候选节点
Bistro小馆子,美食;咖啡厅,新街口 咖啡,"新街口街道石婆婆庵16号,小馆子咖啡",1773,32.05192,118.798349,13515627825,待确认,低,百度地图 Place API + 轻量关键词规则,未命中明确宠物友好证据,待确认,待确认,高,中,携宠规则需出发前确认；高峰期人流较大，建议全程牵引并避开 16:00-18:00,出发前确认,候选节点
星巴克臻选(南京艾尚天地店),美食;咖啡厅,新街口 咖啡,江苏省南京市玄武区中山路132号102室,1530,32.053983,118.790936,025-58750400,待确认,低,百度地图 Place API + 轻量关键词规则,未命中明确宠物友好证据,待确认,待确认,高,中,携宠规则需出发前确认；高峰期人流较大，建议全程牵引并避开 16:00-18:00,出发前确认,候选节点
星巴克(南京Solo1913店),美食;咖啡厅,新街口 咖啡,江苏省南京市玄武区洪武北路129号第一层04-1铺位,1638,32.052836,118.795213,025-58760017,待确认,低,百度地图 Place API + 轻量关键词规则,未命中明确宠物友好证据,待确认,待确认,高,中,携宠规则需出发前确认；高峰期人流较大，建议全程牵引并避开 16:00-18:00,出发前确认,候选节点
clip coffee,美食;咖啡厅,新街口 咖啡,双井巷1号（北京小炮儿炙子烤肉对面）,2247,32.056965,118.799447,18752000610,待确认,低,百度地图 Place API + 轻量关键词规则,未命中明确宠物友好证据,待确认,待确认,高,中,携宠规则需出发前确认；高峰期人流较大，建议全程牵引并避开 16:00-18:00,出发前确认,候选节点
Four Cups(估依廊店),美食;咖啡厅,新街口 咖啡,新街口街道估衣廊2号201室(农业银行右边巷子到头二楼),1496,32.052321,118.793547,13851843993,待确认,低,百度地图 Place API + 轻量关键词规则,未命中明确宠物友好证据,待确认,待确认,高,中,携宠规则需出发前确认；高峰期人流较大，建议全程牵引并避开 16:00-18:00,出发前确认,候选节点
星巴克(南京新世界百货店),美食;咖啡厅,新街口 咖啡,江苏省南京市玄武区珠江路88号底商一层1F-001单元,1883,32.056075,118.794278,025-57047030,待确认,低,百度地图 Place API + 轻量关键词规则,未命中明确宠物友好证据,待确认,室内/商场,高,中,携宠规则需出发前确认；高峰期人流较大，建议全程牵引并避开 16:00-18:00；室内区域是否允许携宠需确认,出发前确认,候选节点
串酒屋·成都串串·川菜酒馆(新街口总店),美食;中餐厅,新街口 咖啡,石鼓路42-3号建华大厦一二楼（瑞幸咖啡楼上）,617,32.045366,118.788809,,待确认,低,百度地图 Place API + 轻量关键词规则,未命中明确宠物友好证据,待确认,待确认,高,中,携宠规则需出发前确认；高峰期人流较大，建议全程牵引并避开 16:00-18:00,出发前确认,候选节点
星巴克(南京鼓楼医院店),美食;咖啡厅,新街口 咖啡,中山路321号医院南扩新院区门诊大楼一楼,2251,32.061232,118.789463,025-51865029,待确认,低,百度地图 Place API + 轻量关键词规则,未命中明确宠物友好证据,待确认,待确认,高,中,携宠规则需出发前确认；高峰期人流较大，建议全程牵引并避开 16:00-18:00,出发前确认,候选节点
库迪咖啡(南京丹凤街店),美食;咖啡厅,新街口 咖啡,新街口街道鱼市街2号临街10号铺,1952,32.056992,118.793863,17512585124,待确认,低,百度地图 Place API + 轻量关键词规则,未命中明确宠物友好证据,待确认,待确认,高,中,携宠规则需出发前确认；高峰期人流较大，建议全程牵引并避开 16:00-18:00,出发前确认,候选节点
咖芙(新街口店),美食;咖啡厅,新街口 咖啡,韩家巷长江花园北区韩家巷6号底商,1584,32.053712,118.792763,17361803959,待确认,低,百度地图 Place API + 轻量关键词规则,未命中明确宠物友好证据,待确认,待确认,高,中,携宠规则需出发前确认；高峰期人流较大，建议全程牵引并避开 16:00-18:00,出发前确认,候选节点
% Arabica阿拉比卡咖啡(德基广场店),美食;咖啡厅,新街口 咖啡,中山路18号德基广场二期负一层C162号商铺,1244,32.050929,118.791214,15380945023,待确认,低,百度地图 Place API + 轻量关键词规则,开放空间或街区类 POI，需人工确认携宠规则,小型犬/中型犬,开放空间,中,中,携宠规则需出发前确认；高峰期人流较大，建议全程牵引并避开 16:00-18:00,出发前确认,散步/休息节点
STANDING ROOM(东大店),美食;咖啡厅,新街口 咖啡,蓁巷9-3号(近东南大学南门),2424,32.058851,118.799677,18694983599,待确认,低,百度地图 Place API + 轻量关键词规则,未命中明确宠物友好证据,待确认,待确认,高,中,携宠规则需出发前确认；高峰期人流较大，建议全程牵引并避开 16:00-18:00,出发前确认,候选节点
COSTA COFFEE(金鹰珠江路店),美食;咖啡厅,新街口 咖啡,珠江路1号金鹰国际购物中心南馆1层,1866,32.056923,118.791907,(025)83627097,待确认,低,百度地图 Place API + 轻量关键词规则,未命中明确宠物友好证据,待确认,待确认,高,中,携宠规则需出发前确认；高峰期人流较大，建议全程牵引并避开 16:00-18:00,出发前确认,候选节点
T-COFFEE(长江花园店),美食;咖啡厅,新街口 咖啡,廊后街长江花园13-5号,1475,32.05268,118.792527,13675153740,待确认,低,百度地图 Place API + 轻量关键词规则,未命中明确宠物友好证据,待确认,待确认,高,中,携宠规则需出发前确认；高峰期人流较大，建议全程牵引并避开 16:00-18:00,出发前确认,候选节点
星巴克(南京珍珠饭店店),美食;咖啡厅,新街口 咖啡,江苏省南京市玄武区珠江路389号,2259,32.055227,118.801781,025-85635502,待确认,低,百度地图 Place API + 轻量关键词规则,未命中明确宠物友好证据,待确认,待确认,高,中,携宠规则需出发前确认；高峰期人流较大，建议全程牵引并避开 16:00-18:00,出发前确认,候选节点
FLYING FISH COFFEE飞鱼咖啡,美食;咖啡厅,新街口 咖啡,新街口街道同仁西街16-11号,1975,32.057821,118.792384,13776411393,待确认,低,百度地图 Place API + 轻量关键词规则,未命中明确宠物友好证据,待确认,待确认,高,中,携宠规则需出发前确认；高峰期人流较大，建议全程牵引并避开 16:00-18:00,出发前确认,候选节点
Cafe Mo,美食;咖啡厅,新街口 咖啡,四牌楼4-5号（近南师附小）,2449,32.060025,118.798166,13182876389,待确认,低,百度地图 Place API + 轻量关键词规则,未命中明确宠物友好证据,待确认,待确认,高,中,携宠规则需出发前确认；高峰期人流较大，建议全程牵引并避开 16:00-18:00,出发前确认,候选节点
COSTA COFFEE(江苏广电2期店),美食;咖啡厅,新街口 咖啡,北京东路4号荔枝广场广电2期2F,2629,32.064249,118.791714,(025)89691979,待确认,低,百度地图 Place API + 轻量关键词规则,未命中明确宠物友好证据,待确认,待确认,高,中,携宠规则需出发前确认；高峰期人流较大，建议全程牵引并避开 16:00-18:00,出发前确认,候选节点
LIBERICA利比卡咖啡(玄武大石桥店),美食;咖啡厅,新街口 咖啡,大石桥街6号东06室（学府路公交车站旁）,2372,32.060397,118.795787,13236532779,待确认,低,百度地图 Place API + 轻量关键词规则,未命中明确宠物友好证据,待确认,待确认,高,中,携宠规则需出发前确认；高峰期人流较大，建议全程牵引并避开 16:00-18:00,出发前确认,候选节点
ART咖啡馆,美食;咖啡厅,新街口 咖啡,珠江路88号新世界中心A座4401室,1894,32.055776,118.795074,(025)85202258,待确认,低,百度地图 Place API + 轻量关键词规则,未命中明确宠物友好证据,待确认,待确认,高,中,携宠规则需出发前确认；高峰期人流较大，建议全程牵引并避开 16:00-18:00,出发前确认,候选节点
STANDING+ROOM+COFFEE(东大店),美食;咖啡厅,新街口 咖啡,江苏省南京市玄武区新街口街道蓁巷9-3号(近东南大学南门),2429,32.058839,118.799788,18694983599,待确认,低,百度地图 Place API + 轻量关键词规则,未命中明确宠物友好证据,待确认,待确认,高,中,携宠规则需出发前确认；高峰期人流较大，建议全程牵引并避开 16:00-18:00,出发前确认,候选节点
新街口,交通设施;地铁站,新街口 外摆 咖啡,地铁1号线;地铁2号线,889,32.047295,118.790606,,可能宠物友好,中,百度地图 Place API + 轻量关键词规则,命中外摆/户外/宠物友好关键词,待确认,待确认,高,中,高峰期人流较大，建议全程牵引并避开 16:00-18:00；建议确认外摆是否开放及是否允许中型犬,出发前确认,候选节点
新街口,行政地标;商圈,新街口 外摆 咖啡,淮海路88号,1095,32.047756,118.793082,,可能宠物友好,中,百度地图 Place API + 轻量关键词规则,命中外摆/户外/宠物友好关键词,待确认,待确认,高,中,高峰期人流较大，建议全程牵引并避开 16:00-18:00；建议确认外摆是否开放及是否允许中型犬,出发前确认,候选节点
小川料理(新街口店),美食;外国餐厅,新街口 外摆 咖啡,洪武路西方巷26号（雾造隔壁）,988,32.037946,118.793718,,可能宠物友好,中,百度地图 Place API + 轻量关键词规则,命中外摆/户外/宠物友好关键词,小型犬/中型犬,外摆/户外,中,中,高峰期人流较大，建议全程牵引并避开 16:00-18:00；建议确认外摆是否开放及是否允许中型犬,出发前确认,散步/休息节点
秘境超级密室(新街口店),休闲娱乐;游戏场所,新街口 外摆 咖啡,中山南路122号大洋百货八楼8T—07,683,32.045182,118.789896,18061461675,可能宠物友好,中,百度地图 Place API + 轻量关键词规则,命中外摆/户外/宠物友好关键词,待确认,待确认,高,中,高峰期人流较大，建议全程牵引并避开 16:00-18:00；建议确认外摆是否开放及是否允许中型犬,出发前确认,候选节点
多克多蒸气茶DOKDO(新街口店),美食;其他,新街口 外摆 咖啡,朝天宫街道石鼓路40号(近丰富路),660,32.045723,118.789026,(025)84713857,可能宠物友好,中,百度地图 Place API + 轻量关键词规则,命中外摆/户外/宠物友好关键词,小型犬/中型犬,外摆/户外,中,中,高峰期人流较大，建议全程牵引并避开 16:00-18:00；建议确认外摆是否开放及是否允许中型犬,出发前确认,散步/休息节点
段氏·川味江湖菜馆(新街口店),美食;中餐厅,新街口 外摆 咖啡,汉中路27号友谊广场(负一楼)13号,786,32.047686,118.788118,19822633984,可能宠物友好,中,百度地图 Place API + 轻量关键词规则,命中外摆/户外/宠物友好关键词,小型犬/中型犬,外摆/户外,中,中,高峰期人流较大，建议全程牵引并避开 16:00-18:00；建议确认外摆是否开放及是否允许中型犬,出发前确认,散步/休息节点
新街口市集(南京新百店),休闲娱乐,新街口 外摆 咖啡,南京市秦淮区中山南路1号南京新百商场A座L1东南门广场,990,32.047248,118.792123,,可能宠物友好,中,百度地图 Place API + 轻量关键词规则,命中外摆/户外/宠物友好关键词,待确认,待确认,高,中,高峰期人流较大，建议全程牵引并避开 16:00-18:00；建议确认外摆是否开放及是否允许中型犬,出发前确认,候选节点
Risingcoffee升咖啡(新街口店),美食;咖啡厅,新街口 露台 咖啡,火瓦巷35-1号104室（刀郎烧烤隔壁）,1136,32.038115,118.795465,13270889312,可能宠物友好,中,百度地图 Place API + 轻量关键词规则,命中外摆/户外/宠物友好关键词,小型犬/中型犬,外摆/户外,中,中,高峰期人流较大，建议全程牵引并避开 16:00-18:00；建议确认外摆是否开放及是否允许中型犬,出发前确认,散步/休息节点
新街口商业步行区,购物;其他,新街口 露台 咖啡,江苏省南京市秦淮区中山南路79号中央商场,896,32.045929,118.792045,,可能宠物友好,中,百度地图 Place API + 轻量关键词规则,命中外摆/户外/宠物友好关键词,待确认,待确认,高,中,高峰期人流较大，建议全程牵引并避开 16:00-18:00；建议确认外摆是否开放及是否允许中型犬,出发前确认,候选节点
新街口地铁站-11口,出入口;其他,新街口 露台 咖啡,,866,32.046843,118.790797,,可能宠物友好,中,百度地图 Place API + 轻量关键词规则,命中外摆/户外/宠物友好关键词,待确认,待确认,高,中,高峰期人流较大，建议全程牵引并避开 16:00-18:00；建议确认外摆是否开放及是否允许中型犬,出发前确认,候选节点
OT另茶(南京新街口金鹰店),美食;其他,新街口 露台 咖啡,新街口商贸街区汉中路101号负一层A-FB1001-1,755,32.048022,118.786319,"18066084426,18951625670",可能宠物友好,中,百度地图 Place API + 轻量关键词规则,命中外摆/户外/宠物友好关键词,小型犬/中型犬,外摆/户外,中,中,高峰期人流较大，建议全程牵引并避开 16:00-18:00；建议确认外摆是否开放及是否允许中型犬,出发前确认,散步/休息节点
新街口南,交通设施;公交车站,新街口 露台 咖啡,16路;27路;28路;33路;35路;100路;306路;Y16路夜间,672,32.044134,118.790527,,可能宠物友好,中,百度地图 Place API + 轻量关键词规则,命中外摆/户外/宠物友好关键词,待确认,待确认,高,中,高峰期人流较大，建议全程牵引并避开 16:00-18:00；建议确认外摆是否开放及是否允许中型犬,出发前确认,候选节点
豪客来牛排(新街口大洋百货店),美食;外国餐厅,新街口 露台 咖啡,中山南路122号大洋百货五楼,645,32.044753,118.789758,(025)57726029,可能宠物友好,中,百度地图 Place API + 轻量关键词规则,命中外摆/户外/宠物友好关键词,待确认,室内/商场,高,中,高峰期人流较大，建议全程牵引并避开 16:00-18:00；室内区域是否允许携宠需确认；建议确认外摆是否开放及是否允许中型犬,出发前确认,候选节点
和熟·巴斯克芝士蛋糕(新街口地铁店),美食;蛋糕甜品店,新街口 露台 咖啡,新街口地铁站一号线三号下来右转地铁商铺C42号黄记玉米汁隔壁,435,32.040912,118.788669,19941521816,可能宠物友好,中,百度地图 Place API + 轻量关键词规则,命中外摆/户外/宠物友好关键词,小型犬/中型犬,外摆/户外,中,中,高峰期人流较大，建议全程牵引并避开 16:00-18:00；建议确认外摆是否开放及是否允许中型犬,出发前确认,散步/休息节点
古早萬丹传统台湾糕点(新街口店),美食;蛋糕甜品店,新街口 露台 咖啡,"地铁一号线新街口站B02号（新街口地铁站12号线负一层,好一朵茉莉花正对面）",930,32.047362,118.79114,"17714199099,18868448068",可能宠物友好,中,百度地图 Place API + 轻量关键词规则,命中外摆/户外/宠物友好关键词,小型犬/中型犬,外摆/户外,中,中,高峰期人流较大，建议全程牵引并避开 16:00-18:00；建议确认外摆是否开放及是否允许中型犬,出发前确认,散步/休息节点
Alkupera Cafe原点咖啡,美食;咖啡厅,新街口 露台 咖啡,汉口路47号二楼（好运智竞馆门牌上楼）,2011,32.059552,118.78543,18061480170,可能宠物友好,中,百度地图 Place API + 轻量关键词规则,命中外摆/户外/宠物友好关键词,小型犬/中型犬,外摆/户外,中,中,高峰期人流较大，建议全程牵引并避开 16:00-18:00；建议确认外摆是否开放及是否允许中型犬,出发前确认,散步/休息节点
南京新街口苏宁诺富特酒店,酒店,新街口 露台 咖啡,淮海路68号,825,32.043302,118.792596,(025)58798888,可能宠物友好,中,百度地图 Place API + 轻量关键词规则,命中外摆/户外/宠物友好关键词,待确认,待确认,高,中,高峰期人流较大，建议全程牵引并避开 16:00-18:00；建议确认外摆是否开放及是否允许中型犬,出发前确认,候选节点
塔星塔罗(新街口店),休闲娱乐;游戏场所,新街口 露台 咖啡,莱迪购物广场2C025,993,32.046069,118.793151,13813892544,可能宠物友好,中,百度地图 Place API + 轻量关键词规则,命中外摆/户外/宠物友好关键词,待确认,待确认,高,中,高峰期人流较大，建议全程牵引并避开 16:00-18:00；建议确认外摆是否开放及是否允许中型犬,出发前确认,候选节点
新街口北,交通设施;公交车站,新街口 露台 咖啡,1路;16路;25路;28路;33路;34路;34路区间;35路;100路;Y1路夜间,1127,32.05002,118.790595,,可能宠物友好,中,百度地图 Place API + 轻量关键词规则,命中外摆/户外/宠物友好关键词,待确认,待确认,高,中,高峰期人流较大，建议全程牵引并避开 16:00-18:00；建议确认外摆是否开放及是否允许中型犬,出发前确认,候选节点
新街口东,交通设施;公交车站,新街口 露台 咖啡,1路;3路;5路;9路;25路;34路;34路区间;Y1路夜间;Y24路夜间;Y5路夜间,1260,32.047741,118.795265,,可能宠物友好,中,百度地图 Place API + 轻量关键词规则,命中外摆/户外/宠物友好关键词,待确认,待确认,高,中,高峰期人流较大，建议全程牵引并避开 16:00-18:00；建议确认外摆是否开放及是否允许中型犬,出发前确认,候选节点
南京新街口国信大酒店,酒店,新街口 露台 咖啡,江苏省南京市玄武区长江路88号,1443,32.052017,118.793076,(025)86885088,可能宠物友好,中,百度地图 Place API + 轻量关键词规则,命中外摆/户外/宠物友好关键词,待确认,待确认,高,中,高峰期人流较大，建议全程牵引并避开 16:00-18:00；建议确认外摆是否开放及是否允许中型犬,出发前确认,候选节点
新街口西,交通设施;公交车站,新街口 露台 咖啡,3路;4路;9路;18路;302路;Y24路夜间,769,32.048274,118.785775,,可能宠物友好,中,百度地图 Place API + 轻量关键词规则,命中外摆/户外/宠物友好关键词,待确认,待确认,高,中,高峰期人流较大，建议全程牵引并避开 16:00-18:00；建议确认外摆是否开放及是否允许中型犬,出发前确认,候选节点
85℃ Coffee,美食;咖啡厅,新街口 露台 咖啡,江苏省南京市秦淮区仙鹤街4号,1769,32.025782,118.781088,,可能宠物友好,中,百度地图 Place API + 轻量关键词规则,命中外摆/户外/宠物友好关键词,小型犬/中型犬,外摆/户外,中,中,高峰期人流较大，建议全程牵引并避开 16:00-18:00；建议确认外摆是否开放及是否允许中型犬,出发前确认,散步/休息节点
醉隐·庭院露台·bar,美食;酒吧,新街口 露台 咖啡,马道街37-1号,2495,32.020557,118.793618,15366102217,可能宠物友好,中,百度地图 Place API + 轻量关键词规则,命中外摆/户外/宠物友好关键词,小型犬/中型犬,外摆/户外,中,中,高峰期人流较大，建议全程牵引并避开 16:00-18:00；建议确认外摆是否开放及是否允许中型犬,出发前确认,散步/休息节点
怒烤天台露营烤串(建邺吾悦店),美食;中餐厅,新街口 露台 咖啡,燕山路建邺吾悦广场5楼（好利来左侧三号影院电梯直达）,4030,32.0432,118.741387,,可能宠物友好,中,百度地图 Place API + 轻量关键词规则,命中外摆/户外/宠物友好关键词,小型犬/中型犬,外摆/户外,中,中,高峰期人流较大，建议全程牵引并避开 16:00-18:00；建议确认外摆是否开放及是否允许中型犬,出发前确认,散步/休息节点
喜茶(南京新街口淮海路店),美食;其他,新街口 茶饮,淮海路36号-1商铺,764,32.043786,118.791746,(025)83569535,待确认,低,百度地图 Place API + 轻量关键词规则,未命中明确宠物友好证据,待确认,待确认,高,中,携宠规则需出发前确认；高峰期人流较大，建议全程牵引并避开 16:00-18:00,出发前确认,候选节点
永民手作(明瓦廊店),美食;其他,新街口 茶饮,明瓦廊129号（新街口地铁站15号口步行190米）,582,32.043609,118.789757,18115470311,待确认,低,百度地图 Place API + 轻量关键词规则,未命中明确宠物友好证据,待确认,待确认,高,中,携宠规则需出发前确认；高峰期人流较大，建议全程牵引并避开 16:00-18:00,出发前确认,候选节点
CoCo都可(地铁一店),美食;其他,新街口 茶饮,中山南路地铁一号线新街口站7号出口隔壁,1001,32.048392,118.790933,18951086101,待确认,低,百度地图 Place API + 轻量关键词规则,未命中明确宠物友好证据,待确认,待确认,高,中,携宠规则需出发前确认；高峰期人流较大，建议全程牵引并避开 16:00-18:00,出发前确认,候选节点
茶百道(新街口店),美食;其他,新街口 茶饮,丰富路181号2室,432,32.043519,118.788017,13584015858,待确认,低,百度地图 Place API + 轻量关键词规则,未命中明确宠物友好证据,待确认,待确认,高,中,携宠规则需出发前确认；高峰期人流较大，建议全程牵引并避开 16:00-18:00,出发前确认,候选节点
阿嬷手作(南京德基广场店),美食;其他,新街口 茶饮,新街口街道青石街中山南路18号德基广场一期B119,1170,32.049701,118.791894,18168047886,待确认,低,百度地图 Place API + 轻量关键词规则,开放空间或街区类 POI，需人工确认携宠规则,小型犬/中型犬,开放空间,中,中,携宠规则需出发前确认；高峰期人流较大，建议全程牵引并避开 16:00-18:00,出发前确认,散步/休息节点
Yes Lemon就是柠·手打柠檬茶(南京大洋百货店),美食;其他,新街口 茶饮,中山南路122号B1-B15,684,32.044994,118.790084,17749528468,待确认,低,百度地图 Place API + 轻量关键词规则,未命中明确宠物友好证据,待确认,室内/商场,高,中,携宠规则需出发前确认；高峰期人流较大，建议全程牵引并避开 16:00-18:00；室内区域是否允许携宠需确认,出发前确认,候选节点
百分茶(丰富路店),美食;其他,新街口 茶饮,丰富路201号(新街口地铁站15号口步行360米),478,32.043938,118.788279,15251237893,待确认,低,百度地图 Place API + 轻量关键词规则,未命中明确宠物友好证据,待确认,待确认,高,中,携宠规则需出发前确认；高峰期人流较大，建议全程牵引并避开 16:00-18:00,出发前确认,候选节点
CoCo都可(南京珠江路店),美食;其他,新街口 茶饮,珠江路16号,1804,32.056179,118.792256,18020163617,待确认,低,百度地图 Place API + 轻量关键词规则,未命中明确宠物友好证据,待确认,待确认,高,中,携宠规则需出发前确认；高峰期人流较大，建议全程牵引并避开 16:00-18:00,出发前确认,候选节点
CoCo都可(成贤店),美食;其他,新街口 茶饮,珠江路401号,2317,32.055935,118.801837,13952003867,待确认,低,百度地图 Place API + 轻量关键词规则,未命中明确宠物友好证据,待确认,待确认,高,中,携宠规则需出发前确认；高峰期人流较大，建议全程牵引并避开 16:00-18:00,出发前确认,候选节点
油条茶馓店,美食,新街口 茶饮,江苏省南京市玄武区新街口街道进香河路14号,2172,32.057816,118.796787,,待确认,低,百度地图 Place API + 轻量关键词规则,未命中明确宠物友好证据,待确认,待确认,高,中,携宠规则需出发前确认；高峰期人流较大，建议全程牵引并避开 16:00-18:00,出发前确认,候选节点
奈雪的茶(金鹰新街口店),美食;其他,新街口 茶饮,汉中路101号金鹰新街口店B座负1楼,724,32.047844,118.785829,,待确认,低,百度地图 Place API + 轻量关键词规则,未命中明确宠物友好证据,待确认,待确认,高,中,携宠规则需出发前确认；高峰期人流较大，建议全程牵引并避开 16:00-18:00,出发前确认,候选节点
KOI Thé(金鹰新街口店),美食;其他,新街口 茶饮,汉中路89号金鹰国际购物中心内B座负一层B-FB1031商铺,715,32.047853,118.78531,(025)85300920,待确认,低,百度地图 Place API + 轻量关键词规则,未命中明确宠物友好证据,待确认,待确认,高,中,携宠规则需出发前确认；高峰期人流较大，建议全程牵引并避开 16:00-18:00,出发前确认,候选节点
霸王茶姬(新街口新百店),美食;其他,新街口 茶饮,朝天宫街道中山南路1号南京新百A座B1层（地铁8出入口）,917,32.047388,118.79092,17351030393,待确认,低,百度地图 Place API + 轻量关键词规则,未命中明确宠物友好证据,待确认,待确认,高,中,携宠规则需出发前确认；高峰期人流较大，建议全程牵引并避开 16:00-18:00,出发前确认,候选节点
CoCo都可(丹凤街店),美食;其他,新街口 茶饮,丹凤街尖角营小区31号楼1楼101室,2386,32.06144,118.793473,18255011767,待确认,低,百度地图 Place API + 轻量关键词规则,未命中明确宠物友好证据,待确认,待确认,高,中,携宠规则需出发前确认；高峰期人流较大，建议全程牵引并避开 16:00-18:00,出发前确认,候选节点
茶百道(丹凤街店),美食;其他,新街口 茶饮,新街口街道唱经楼西街1号-4,2154,32.059229,118.793312,18151802724,待确认,低,百度地图 Place API + 轻量关键词规则,未命中明确宠物友好证据,待确认,待确认,高,中,携宠规则需出发前确认；高峰期人流较大，建议全程牵引并避开 16:00-18:00,出发前确认,候选节点
Yes Lemon就是柠·手打柠檬茶(南京新世界百货店),美食;其他,新街口 茶饮,江苏省南京市玄武区新街口街道珠江路88号102-1号,1880,32.055995,118.79439,17612580787,待确认,低,百度地图 Place API + 轻量关键词规则,未命中明确宠物友好证据,待确认,室内/商场,高,中,携宠规则需出发前确认；高峰期人流较大，建议全程牵引并避开 16:00-18:00；室内区域是否允许携宠需确认,出发前确认,候选节点
1点点(丹凤街店),美食;其他,新街口 茶饮,江苏省南京市玄武区丹凤街73号101室,2413,32.061703,118.793462,(025)52207279,待确认,低,百度地图 Place API + 轻量关键词规则,未命中明确宠物友好证据,待确认,待确认,高,中,携宠规则需出发前确认；高峰期人流较大，建议全程牵引并避开 16:00-18:00,出发前确认,候选节点
1点点(成贤街店),美食;其他,新街口 茶饮,成贤街115号,2514,32.058362,118.801883,(025)86667531,待确认,低,百度地图 Place API + 轻量关键词规则,未命中明确宠物友好证据,待确认,待确认,高,中,携宠规则需出发前确认；高峰期人流较大，建议全程牵引并避开 16:00-18:00,出发前确认,候选节点
茉沏(南京成贤街店),美食;其他,新街口 茶饮,新街口街道-南京市-玄武区江苏省南京市玄武区成贤街103号,2484,32.058031,118.801831,18066112795,待确认,低,百度地图 Place API + 轻量关键词规则,未命中明确宠物友好证据,待确认,待确认,高,中,携宠规则需出发前确认；高峰期人流较大，建议全程牵引并避开 16:00-18:00,出发前确认,候选节点
交通银行24小时自助银行(新街口支行),金融;atm,新街口 茶饮,江苏省南京市鼓楼区中山路55号,1180,32.050753,118.79025,,待确认,低,百度地图 Place API + 轻量关键词规则,未命中明确宠物友好证据,待确认,待确认,高,中,携宠规则需出发前确认；高峰期人流较大，建议全程牵引并避开 16:00-18:00,出发前确认,候选节点
Wagas沃歌斯(新街口金鹰店),美食;小吃快餐店,新街口 轻食,汉中路101号金鹰新街口店B座1楼010,709,32.04762,118.786224,(025)52208677,待确认,低,百度地图 Place API + 轻量关键词规则,未命中明确宠物友好证据,待确认,待确认,高,中,携宠规则需出发前确认；高峰期人流较大，建议全程牵引并避开 16:00-18:00,出发前确认,候选节点
和食佬餐厅(新街口店),美食;中餐厅,新街口 轻食,羊皮巷24号金蝶广场三楼,729,32.04264,118.791713,,待确认,低,百度地图 Place API + 轻量关键词规则,未命中明确宠物友好证据,待确认,待确认,高,中,携宠规则需出发前确认；高峰期人流较大，建议全程牵引并避开 16:00-18:00,出发前确认,候选节点
鲜满堂米线(新街口店),美食;小吃快餐店,新街口 轻食,汉中路慈悲社1号（新街口金鹰对面）,846,32.049033,118.785318,"(025)58391109,13770839332",待确认,低,百度地图 Place API + 轻量关键词规则,未命中明确宠物友好证据,待确认,待确认,高,中,携宠规则需出发前确认；高峰期人流较大，建议全程牵引并避开 16:00-18:00,出发前确认,候选节点
洋葱咖喱(大洋百货新街口店),美食;小吃快餐店,新街口 轻食,中山南路122号大洋百货B1楼,676,32.045088,118.78988,"(025)84738682,18252455985",待确认,低,百度地图 Place API + 轻量关键词规则,未命中明确宠物友好证据,待确认,室内/商场,高,中,携宠规则需出发前确认；高峰期人流较大，建议全程牵引并避开 16:00-18:00；室内区域是否允许携宠需确认,出发前确认,候选节点
柒宝酱(南京D9街区店),美食;小吃快餐店,新街口 轻食,杨将军巷9号D9街区曼度广场东门四楼耘集A04,1918,32.051819,118.800415,18351983382,待确认,低,百度地图 Place API + 轻量关键词规则,未命中明确宠物友好证据,小型犬/中型犬,商业街区,高,中,携宠规则需出发前确认；高峰期人流较大，建议全程牵引并避开 16:00-18:00,出发前确认,散步/休息节点
三米粥铺(新街口店),美食;小吃快餐店,新街口 轻食,华侨路街道南医大青教学生公寓峨眉岭菜场旁,1380,32.052189,118.776653,18120128111,待确认,低,百度地图 Place API + 轻量关键词规则,未命中明确宠物友好证据,待确认,待确认,高,中,携宠规则需出发前确认；高峰期人流较大，建议全程牵引并避开 16:00-18:00,出发前确认,候选节点
和熟·巴斯克芝士蛋糕(新街口地铁店),美食,新街口 轻食,朝天宫街道新街口地铁站一号线三号右转地铁商铺C42号黄记玉米汁隔壁,790,32.046213,118.790369,,待确认,低,百度地图 Place API + 轻量关键词规则,未命中明确宠物友好证据,待确认,待确认,高,中,携宠规则需出发前确认；高峰期人流较大，建议全程牵引并避开 16:00-18:00,出发前确认,候选节点
盼大喵·旋转自助小火锅(新街口IFCX店),美食;其他,新街口 轻食,汉中路1号新街口东方福来德5楼F5-03,811,32.046994,118.789759,,待确认,低,百度地图 Place API + 轻量关键词规则,未命中明确宠物友好证据,待确认,待确认,高,中,携宠规则需出发前确认；高峰期人流较大，建议全程牵引并避开 16:00-18:00,出发前确认,候选节点
俞香记自选餐厅(石鼓路店),美食;中餐厅,新街口 轻食,石鼓路89-1号(上海路地铁站1号口步行410米),554,32.046418,118.785055,,待确认,低,百度地图 Place API + 轻量关键词规则,未命中明确宠物友好证据,待确认,待确认,高,中,携宠规则需出发前确认；高峰期人流较大，建议全程牵引并避开 16:00-18:00,出发前确认,候选节点
常乐轻食,美食;小吃快餐店,新街口 轻食,集庆门大街157-5号,3010,32.032938,118.753806,18068840589,待确认,低,百度地图 Place API + 轻量关键词规则,未命中明确宠物友好证据,待确认,待确认,高,中,携宠规则需出发前确认；高峰期人流较大，建议全程牵引并避开 16:00-18:00,出发前确认,候选节点
拾味人间粤菜淮扬菜(新街口店),美食,新街口 轻食,南京市建邺区忠字街应天产业园,3007,32.021527,118.762586,,待确认,低,百度地图 Place API + 轻量关键词规则,未命中明确宠物友好证据,待确认,待确认,高,中,携宠规则需出发前确认；高峰期人流较大，建议全程牵引并避开 16:00-18:00,出发前确认,候选节点
BRO'S TACOS塔克饼和披萨清真,美食;外国餐厅,新街口 轻食,新街口街道丹凤街卫巷1号（珠江路地铁站3号口步行410米）,2107,32.058324,118.794375,13347830082,待确认,低,百度地图 Place API + 轻量关键词规则,未命中明确宠物友好证据,待确认,待确认,高,中,携宠规则需出发前确认；高峰期人流较大，建议全程牵引并避开 16:00-18:00,出发前确认,候选节点
适绿轻食(汉中门店),美食;小吃快餐店,新街口 轻食,凤凰街永鲜生活菜场,1706,32.049352,118.768549,,待确认,低,百度地图 Place API + 轻量关键词规则,未命中明确宠物友好证据,待确认,待确认,高,中,携宠规则需出发前确认；高峰期人流较大，建议全程牵引并避开 16:00-18:00,出发前确认,候选节点
开运·吃货大全土菜馆(应天大街店),美食;中餐厅,新街口 轻食,江苏省南京市建邺区应天大街835-10号,3464,32.023372,118.7542,(025)57667777,待确认,低,百度地图 Place API + 轻量关键词规则,未命中明确宠物友好证据,待确认,待确认,高,中,携宠规则需出发前确认；高峰期人流较大，建议全程牵引并避开 16:00-18:00,出发前确认,候选节点
廣東阿生魚撈·斑魚海鮮粥火鍋(三牌楼店),美食;中餐厅,新街口 轻食,马台街将军庙40号5号店铺,4493,32.081375,118.776438,13382049697,待确认,低,百度地图 Place API + 轻量关键词规则,未命中明确宠物友好证据,待确认,待确认,高,中,携宠规则需出发前确认；高峰期人流较大，建议全程牵引并避开 16:00-18:00,出发前确认,候选节点
海底捞火锅(新街口新百店),美食;中餐厅,新街口 餐厅,中山南路1号新百A座8楼（近1号线新街口地铁站8号口）,908,32.047115,118.791107,(025)86883331,待确认,低,百度地图 Place API + 轻量关键词规则,未命中明确宠物友好证据,待确认,待确认,高,中,携宠规则需出发前确认；高峰期人流较大，建议全程牵引并避开 16:00-18:00,出发前确认,候选节点
晶丽海鲜自助餐厅(新街口IFCX店),美食;其他,新街口 餐厅,汉中路1号国际金融中心-IFCX6楼,809,32.047157,118.789503,"(025)86665677,15380835187",待确认,低,百度地图 Place API + 轻量关键词规则,未命中明确宠物友好证据,待确认,待确认,高,中,携宠规则需出发前确认；高峰期人流较大，建议全程牵引并避开 16:00-18:00,出发前确认,候选节点
懒生活餐厅(新街口店),美食;中餐厅,新街口 餐厅,华侨路慈悲社5-2号05幢101室(鼓楼房产局停车院正对门),1181,32.051956,118.786313,(025)86563466,待确认,低,百度地图 Place API + 轻量关键词规则,未命中明确宠物友好证据,待确认,待确认,高,中,携宠规则需出发前确认；高峰期人流较大，建议全程牵引并避开 16:00-18:00,出发前确认,候选节点
萨莉亚意式餐厅(石鼓路店),美食;外国餐厅,新街口 餐厅,江苏省南京市秦淮区石鼓路33号环亚广场新街口店2楼203号,574,32.044884,118.788712,(025)82229762,待确认,低,百度地图 Place API + 轻量关键词规则,未命中明确宠物友好证据,待确认,待确认,高,中,携宠规则需出发前确认；高峰期人流较大，建议全程牵引并避开 16:00-18:00,出发前确认,候选节点
新白鹿餐厅(金鹰新街口店),美食;中餐厅,新街口 餐厅,汉中路101号金鹰新街口店B座8楼8003,703,32.047711,118.785543,(025)89665576,待确认,低,百度地图 Place API + 轻量关键词规则,未命中明确宠物友好证据,待确认,待确认,高,中,携宠规则需出发前确认；高峰期人流较大，建议全程牵引并避开 16:00-18:00,出发前确认,候选节点
冯三孃跷脚牛肉(新街口店),美食;中餐厅,新街口 餐厅,丰富路203号,509,32.044226,118.788444,18014456799,待确认,低,百度地图 Place API + 轻量关键词规则,未命中明确宠物友好证据,待确认,待确认,高,中,携宠规则需出发前确认；高峰期人流较大，建议全程牵引并避开 16:00-18:00,出发前确认,候选节点
Roommate·美式餐酒馆(新街口店),美食;外国餐厅,新街口 餐厅,石鼓路58-2号（多园青年旅舍门牌楼上）,603,32.045516,118.788415,"(025)85301903,18014851952",待确认,低,百度地图 Place API + 轻量关键词规则,未命中明确宠物友好证据,待确认,待确认,高,中,携宠规则需出发前确认；高峰期人流较大，建议全程牵引并避开 16:00-18:00,出发前确认,候选节点
鸽味轩(新街口店),美食;中餐厅,新街口 餐厅,朝天宫街道中山南路146号（新街口地铁站14号口步行230米）,595,32.043392,118.790008,(025)83765677,待确认,低,百度地图 Place API + 轻量关键词规则,未命中明确宠物友好证据,待确认,待确认,高,中,携宠规则需出发前确认；高峰期人流较大，建议全程牵引并避开 16:00-18:00,出发前确认,候选节点
Jack‘s Place杰克地方西餐厅(新街口店),美食;外国餐厅,新街口 餐厅,朝天宫街道王府大街35号(王府大街与石鼓路交叉口),520,32.045614,118.786735,13813953757,待确认,低,百度地图 Place API + 轻量关键词规则,未命中明确宠物友好证据,待确认,待确认,高,中,携宠规则需出发前确认；高峰期人流较大，建议全程牵引并避开 16:00-18:00,出发前确认,候选节点
阿猜泰式大排档(新街口店),美食;外国餐厅,新街口 餐厅,新街口洪武路137号,949,32.043147,118.793988,(025)85705170,待确认,低,百度地图 Place API + 轻量关键词规则,未命中明确宠物友好证据,待确认,待确认,高,中,携宠规则需出发前确认；高峰期人流较大，建议全程牵引并避开 16:00-18:00,出发前确认,候选节点
南京大牌档(新街口友谊店),美食;中餐厅,新街口 餐厅,汉中路27号友谊广场5楼(金陵饭店对面),801,32.047868,118.788092,(025)85620677,待确认,低,百度地图 Place API + 轻量关键词规则,未命中明确宠物友好证据,待确认,待确认,高,中,携宠规则需出发前确认；高峰期人流较大，建议全程牵引并避开 16:00-18:00,出发前确认,候选节点
汉堡王(新街口店),美食;小吃快餐店,新街口 餐厅,江苏省南京市秦淮区中山南路122号大洋百货F1,633,32.045026,118.789382,(025)84203683,待确认,低,百度地图 Place API + 轻量关键词规则,未命中明确宠物友好证据,待确认,待确认,高,中,携宠规则需出发前确认；高峰期人流较大，建议全程牵引并避开 16:00-18:00,出发前确认,候选节点
周瓜娃(新街口店),美食;中餐厅,新街口 餐厅,石鼓路121号（近金鹰购物中心）,606,32.046955,118.784027,(025)58789678,待确认,低,百度地图 Place API + 轻量关键词规则,未命中明确宠物友好证据,待确认,待确认,高,中,携宠规则需出发前确认；高峰期人流较大，建议全程牵引并避开 16:00-18:00,出发前确认,候选节点
川味1号怀旧火锅(新街口大洋百货店),美食;中餐厅,新街口 餐厅,江苏省南京市秦淮区中山南路122号大洋百货五楼,669,32.044828,118.790024,(025)84738991,待确认,低,百度地图 Place API + 轻量关键词规则,未命中明确宠物友好证据,待确认,室内/商场,高,中,携宠规则需出发前确认；高峰期人流较大，建议全程牵引并避开 16:00-18:00；室内区域是否允许携宠需确认,出发前确认,候选节点
骨时候(新街口丰富路店),美食;中餐厅,新街口 餐厅,丰富路58-2号（江苏省儿童康复研究中心对面）,267,32.040014,118.786334,18105185556,待确认,低,百度地图 Place API + 轻量关键词规则,未命中明确宠物友好证据,待确认,待确认,高,中,携宠规则需出发前确认；高峰期人流较大，建议全程牵引并避开 16:00-18:00,出发前确认,候选节点
曼玲粥店(新街口店),美食;小吃快餐店,新街口 餐厅,王府大街139号一层-5-1,94,32.040689,118.783793,18705175570,待确认,低,百度地图 Place API + 轻量关键词规则,未命中明确宠物友好证据,待确认,待确认,高,中,携宠规则需出发前确认；高峰期人流较大，建议全程牵引并避开 16:00-18:00,出发前确认,候选节点
木小馆家庭厨房(新街口店),美食;中餐厅,新街口 餐厅,江苏省南京市秦淮区王府大街113号,43,32.041709,118.784491,18705142727,待确认,低,百度地图 Place API + 轻量关键词规则,未命中明确宠物友好证据,待确认,待确认,高,中,携宠规则需出发前确认；高峰期人流较大，建议全程牵引并避开 16:00-18:00,出发前确认,候选节点
蟹叁寳·蟹家宴·蟹黄捞饭(南京新街口店),美食;中餐厅,新街口 餐厅,丰富路105号,264,32.041335,118.786903,17372964976,待确认,低,百度地图 Place API + 轻量关键词规则,未命中明确宠物友好证据,待确认,待确认,高,中,携宠规则需出发前确认；高峰期人流较大，建议全程牵引并避开 16:00-18:00,出发前确认,候选节点
小厨娘淮扬菜(新街口艾尚天地旗舰店),美食;中餐厅,新街口 餐厅,"中山路132号艾尚天地B座3楼（南京德基100米,总统府500米）",1564,32.054334,118.790908,"(025)84808910,4008519797",待确认,低,百度地图 Place API + 轻量关键词规则,未命中明确宠物友好证据,待确认,待确认,高,中,携宠规则需出发前确认；高峰期人流较大，建议全程牵引并避开 16:00-18:00,出发前确认,候选节点
卷饭家族(新街口店),美食;外国餐厅,新街口 餐厅,三元巷1号711隔壁,577,32.040984,118.7902,15312053024,待确认,低,百度地图 Place API + 轻量关键词规则,未命中明确宠物友好证据,待确认,待确认,高,中,携宠规则需出发前确认；高峰期人流较大，建议全程牵引并避开 16:00-18:00,出发前确认,候选节点
鱼娃蛙(新街口总店),美食;中餐厅,新街口 餐厅,石鼓路21号1层102室,585,32.044593,118.789127,(025)85363580,待确认,低,百度地图 Place API + 轻量关键词规则,未命中明确宠物友好证据,待确认,待确认,高,中,携宠规则需出发前确认；高峰期人流较大，建议全程牵引并避开 16:00-18:00,出发前确认,候选节点
玉子屋·厚炸猪排(新街口店),美食;外国餐厅,新街口 餐厅,新街口丰富路111号斤也屋,266,32.041483,118.786924,17608248925,待确认,低,百度地图 Place API + 轻量关键词规则,未命中明确宠物友好证据,待确认,待确认,高,中,携宠规则需出发前确认；高峰期人流较大，建议全程牵引并避开 16:00-18:00,出发前确认,候选节点
火山屋台(新街口店),美食;外国餐厅,新街口 餐厅,金銮巷华盈国际大厦1层,773,32.042754,118.792171,"17366369870,17372764464",待确认,低,百度地图 Place API + 轻量关键词规则,未命中明确宠物友好证据,待确认,待确认,高,中,携宠规则需出发前确认；高峰期人流较大，建议全程牵引并避开 16:00-18:00,出发前确认,候选节点
南京新街口饭店,酒店,新街口 餐厅,丰富路203号 (与石鼓路交汇路口),506,32.044508,118.788129,(025)84211003,待确认,低,百度地图 Place API + 轻量关键词规则,未命中明确宠物友好证据,待确认,待确认,高,中,携宠规则需出发前确认；高峰期人流较大，建议全程牵引并避开 16:00-18:00,出发前确认,候选节点
Alimentari Grande意大利餐吧&披萨(南京新街口店),美食;外国餐厅,新街口 餐厅,石鼓路49号1-4,533,32.045628,118.78699,025-85893387,待确认,低,百度地图 Place API + 轻量关键词规则,未命中明确宠物友好证据,待确认,待确认,高,中,携宠规则需出发前确认；高峰期人流较大，建议全程牵引并避开 16:00-18:00,出发前确认,候选节点
滨寿司(新街口中央商场店),美食;外国餐厅,新街口 餐厅,中山南路79号中央商场F7层,806,32.044641,118.791811,(025)86883369,待确认,低,百度地图 Place API + 轻量关键词规则,未命中明确宠物友好证据,待确认,室内/商场,高,中,携宠规则需出发前确认；高峰期人流较大，建议全程牵引并避开 16:00-18:00；室内区域是否允许携宠需确认,出发前确认,候选节点
马厂老火锅(新街口店),美食;中餐厅,新街口 餐厅,淮海路50号（星巴克金銮巷店斜对面二楼）,745,32.042796,118.791862,13357836862,待确认,低,百度地图 Place API + 轻量关键词规则,未命中明确宠物友好证据,待确认,待确认,高,中,携宠规则需出发前确认；高峰期人流较大，建议全程牵引并避开 16:00-18:00,出发前确认,候选节点
鱼酷活鱼烤鱼(南京新街口新百店),美食;中餐厅,新街口 餐厅,中山南路1号新百A座八楼（近新街口地铁站9号、10号、12号地铁口）,902,32.046992,118.791143,15855001691,待确认,低,百度地图 Place API + 轻量关键词规则,未命中明确宠物友好证据,待确认,待确认,高,中,携宠规则需出发前确认；高峰期人流较大，建议全程牵引并避开 16:00-18:00,出发前确认,候选节点
龙虾馆·烤鱼·烧烤(新街口店),美食;中餐厅,新街口 餐厅,石鼓路39号（喜鼎火锅同边）,552,32.045247,118.787952,13145126287,待确认,低,百度地图 Place API + 轻量关键词规则,未命中明确宠物友好证据,待确认,待确认,高,中,携宠规则需出发前确认；高峰期人流较大，建议全程牵引并避开 16:00-18:00,出发前确认,候选节点
潮粤客茶点(王府大街店),美食;中餐厅,新街口 餐厅,王府大街139号-5,96,32.04068,118.783761,17512945641,待确认,低,百度地图 Place API + 轻量关键词规则,未命中明确宠物友好证据,待确认,待确认,高,中,携宠规则需出发前确认；高峰期人流较大，建议全程牵引并避开 16:00-18:00,出发前确认,候选节点
付小姐在成都(新街口店),美食;中餐厅,新街口 餐厅,户部街29号力联大厦西楼1层,1101,32.041362,118.795785,,待确认,低,百度地图 Place API + 轻量关键词规则,未命中明确宠物友好证据,待确认,待确认,高,中,携宠规则需出发前确认；高峰期人流较大，建议全程牵引并避开 16:00-18:00,出发前确认,候选节点
江苏饭店(南京新街口常府街地铁站店)-北门,出入口;门,新街口 餐厅,南京市秦淮区太平南路305号,1464,32.038502,118.799235,,待确认,低,百度地图 Place API + 轻量关键词规则,未命中明确宠物友好证据,待确认,待确认,高,中,携宠规则需出发前确认；高峰期人流较大，建议全程牵引并避开 16:00-18:00,出发前确认,候选节点
新百美食城(南京新百店),美食;其他,新街口 餐厅,中山南路1号南京新百B1层(新街口地铁站10号口旁),918,32.047358,118.790958,,待确认,低,百度地图 Place API + 轻量关键词规则,未命中明确宠物友好证据,待确认,待确认,高,中,携宠规则需出发前确认；高峰期人流较大，建议全程牵引并避开 16:00-18:00,出发前确认,候选节点
亚朵酒店中餐厅,美食;中餐厅,新街口 餐厅,江苏省南京市秦淮区朝天宫街道秣陵路99号（亚朵酒店旁）,168,32.043008,118.78394,(025)86887888,待确认,低,百度地图 Place API + 轻量关键词规则,未命中明确宠物友好证据,待确认,待确认,高,中,携宠规则需出发前确认；高峰期人流较大，建议全程牵引并避开 16:00-18:00,出发前确认,候选节点
民国往事海派餐厅(新街口新百店),美食;中餐厅,新街口 餐厅,中山南路新街口新百A座8楼美食汇,917,32.047287,118.791044,,待确认,低,百度地图 Place API + 轻量关键词规则,未命中明确宠物友好证据,待确认,待确认,高,中,携宠规则需出发前确认；高峰期人流较大，建议全程牵引并避开 16:00-18:00,出发前确认,候选节点
东方名苑南侧停车场,交通设施;停车场,新街口 餐厅,南京市秦淮区丰富路口俞家巷后45号新街口饭店,519,32.04452,118.7883,,待确认,低,百度地图 Place API + 轻量关键词规则,未命中明确宠物友好证据,待确认,待确认,高,中,携宠规则需出发前确认；高峰期人流较大，建议全程牵引并避开 16:00-18:00,出发前确认,候选节点
麦当劳(南京洪武店),美食;小吃快餐店,新街口 小吃,洪武路119号,1061,32.045001,118.79458,(025)66043945,待确认,低,百度地图 Place API + 轻量关键词规则,未命中明确宠物友好证据,待确认,待确认,高,中,携宠规则需出发前确认；高峰期人流较大，建议全程牵引并避开 16:00-18:00,出发前确认,候选节点
麦当劳(南京明瓦廊店),美食;小吃快餐店,新街口 小吃,明瓦廊路133号,631,32.044137,118.790035,(025)84465155,待确认,低,百度地图 Place API + 轻量关键词规则,未命中明确宠物友好证据,待确认,待确认,高,中,携宠规则需出发前确认；高峰期人流较大，建议全程牵引并避开 16:00-18:00,出发前确认,候选节点
金原老鸭粉丝汤(新街口店),美食;小吃快餐店,新街口 小吃,淮海新村1幢101-301室,1039,32.043278,118.794928,13770798846,待确认,低,百度地图 Place API + 轻量关键词规则,未命中明确宠物友好证据,待确认,待确认,高,中,携宠规则需出发前确认；高峰期人流较大，建议全程牵引并避开 16:00-18:00,出发前确认,候选节点
美亦粥(明瓦廊店),美食;小吃快餐店,新街口 小吃,明瓦廊105号（新街口易记皮肚面馆旁边）,525,32.042844,118.78945,15062289004,待确认,低,百度地图 Place API + 轻量关键词规则,未命中明确宠物友好证据,待确认,待确认,高,中,携宠规则需出发前确认；高峰期人流较大，建议全程牵引并避开 16:00-18:00,出发前确认,候选节点
必胜客(南京金融中心店),美食;小吃快餐店,新街口 小吃,江苏省南京市秦淮区汉中路1号南京国际金融中心负一楼D6商铺,800,32.046966,118.789621,(025)82227387,待确认,低,百度地图 Place API + 轻量关键词规则,未命中明确宠物友好证据,待确认,待确认,高,中,携宠规则需出发前确认；高峰期人流较大，建议全程牵引并避开 16:00-18:00,出发前确认,候选节点
老娘舅(天元大厦店),美食;小吃快餐店,新街口 小吃,新街口洪武路396号,1011,32.0359,118.792551,025-52642955,待确认,低,百度地图 Place API + 轻量关键词规则,未命中明确宠物友好证据,待确认,待确认,高,中,携宠规则需出发前确认；高峰期人流较大，建议全程牵引并避开 16:00-18:00,出发前确认,候选节点
焦记太平洋面馆(相府营店),美食;小吃快餐店,新街口 小吃,相府营6号-西单元-103室,1672,32.052324,118.796414,13372018133,待确认,低,百度地图 Place API + 轻量关键词规则,未命中明确宠物友好证据,待确认,待确认,高,中,携宠规则需出发前确认；高峰期人流较大，建议全程牵引并避开 16:00-18:00,出发前确认,候选节点
老新隆牛肉锅贴(新街口店),美食;小吃快餐店,新街口 小吃,石鼓路25号,584,32.044631,118.789078,(025)83377677,待确认,低,百度地图 Place API + 轻量关键词规则,未命中明确宠物友好证据,待确认,待确认,高,中,携宠规则需出发前确认；高峰期人流较大，建议全程牵引并避开 16:00-18:00,出发前确认,候选节点
潮粥馆(长江花园店),美食;小吃快餐店,新街口 小吃,长江路长江花园10-11号（近估衣廊）,1556,32.053266,118.79304,13675100271,待确认,低,百度地图 Place API + 轻量关键词规则,未命中明确宠物友好证据,待确认,待确认,高,中,携宠规则需出发前确认；高峰期人流较大，建议全程牵引并避开 16:00-18:00,出发前确认,候选节点
香酥味鸡蛋汉堡(新街口店),美食;小吃快餐店,新街口 小吃,正洪街一禾广场沿街门店,933,32.045645,118.792711,15850522791,待确认,低,百度地图 Place API + 轻量关键词规则,未命中明确宠物友好证据,待确认,待确认,高,中,携宠规则需出发前确认；高峰期人流较大，建议全程牵引并避开 16:00-18:00,出发前确认,候选节点
一哥卷饼(新街口店),美食;小吃快餐店,新街口 小吃,洪武路50号,1008,32.045587,118.793651,13913908671,待确认,低,百度地图 Place API + 轻量关键词规则,未命中明确宠物友好证据,待确认,待确认,高,中,携宠规则需出发前确认；高峰期人流较大，建议全程牵引并避开 16:00-18:00,出发前确认,候选节点
卞记米线(双井巷店),美食;小吃快餐店,新街口 小吃,新街口街道成贤街双井巷沙塘园7号-3(玄武区法院对面),2368,32.057052,118.801266,13813973686,待确认,低,百度地图 Place API + 轻量关键词规则,未命中明确宠物友好证据,待确认,待确认,高,中,携宠规则需出发前确认；高峰期人流较大，建议全程牵引并避开 16:00-18:00,出发前确认,候选节点
馨罗冷面拌饭(珠江路店),美食;小吃快餐店,新街口 小吃,新街口街道珠江路199-1号（珠江路地铁站4号口步行420米）,1949,32.056295,118.795192,,待确认,低,百度地图 Place API + 轻量关键词规则,未命中明确宠物友好证据,待确认,待确认,高,中,携宠规则需出发前确认；高峰期人流较大，建议全程牵引并避开 16:00-18:00,出发前确认,候选节点
米德宝家庭快餐(网巾市店),美食;小吃快餐店,新街口 小吃,网巾市9号01层（金盛百货）,1621,32.051524,118.796602,(025)86269177,待确认,低,百度地图 Place API + 轻量关键词规则,未命中明确宠物友好证据,待确认,待确认,高,中,携宠规则需出发前确认；高峰期人流较大，建议全程牵引并避开 16:00-18:00,出发前确认,候选节点
正宗麻团乌饭,美食;小吃快餐店,新街口 小吃,石鼓路33号环亚广场(新街口店)底商F1,573,32.044612,118.788957,,待确认,低,百度地图 Place API + 轻量关键词规则,未命中明确宠物友好证据,待确认,待确认,高,中,携宠规则需出发前确认；高峰期人流较大，建议全程牵引并避开 16:00-18:00,出发前确认,候选节点
黄锦记锅贴小吃快餐(新街口店),美食;小吃快餐店,新街口 小吃,鱼市街57号,2013,32.057794,118.793427,18061461198,待确认,低,百度地图 Place API + 轻量关键词规则,未命中明确宠物友好证据,待确认,待确认,高,中,携宠规则需出发前确认；高峰期人流较大，建议全程牵引并避开 16:00-18:00,出发前确认,候选节点
麦当劳(中山大厦店),美食;小吃快餐店,新街口 小吃,珠江路2-5号,1785,32.056331,118.791356,(025)83359770,待确认,低,百度地图 Place API + 轻量关键词规则,未命中明确宠物友好证据,待确认,待确认,高,中,携宠规则需出发前确认；高峰期人流较大，建议全程牵引并避开 16:00-18:00,出发前确认,候选节点
大宝麻辣烫(红庙小区店),美食;小吃快餐店,新街口 小吃,新街口街道珠江路红庙(如意不夜城旁),1872,32.053849,118.797603,13951989776,待确认,低,百度地图 Place API + 轻量关键词规则,未命中明确宠物友好证据,待确认,待确认,高,中,携宠规则需出发前确认；高峰期人流较大，建议全程牵引并避开 16:00-18:00,出发前确认,候选节点
老奶奶臭豆腐干(大纱帽巷38号大院店),美食;小吃快餐店,新街口 小吃,大纱帽巷与将军巷交界处,2165,32.056198,118.799168,17712357808,待确认,低,百度地图 Place API + 轻量关键词规则,未命中明确宠物友好证据,待确认,待确认,高,中,携宠规则需出发前确认；高峰期人流较大，建议全程牵引并避开 16:00-18:00,出发前确认,候选节点
小粉桥猪蹄(小粉桥店),美食;小吃快餐店,新街口 小吃,小粉桥3-3,1848,32.057447,118.789645,18761688309,待确认,低,百度地图 Place API + 轻量关键词规则,未命中明确宠物友好证据,待确认,待确认,高,中,携宠规则需出发前确认；高峰期人流较大，建议全程牵引并避开 16:00-18:00,出发前确认,候选节点
仲氏米线(天创大厦店),美食;小吃快餐店,新街口 小吃,新街口街道丹凤街17-1号(近大石桥街),2181,32.059437,118.79347,13776684775,待确认,低,百度地图 Place API + 轻量关键词规则,未命中明确宠物友好证据,待确认,待确认,高,中,携宠规则需出发前确认；高峰期人流较大，建议全程牵引并避开 16:00-18:00,出发前确认,候选节点
七家湾牛肉锅贴(东南大学店),美食;小吃快餐店,新街口 小吃,成贤街103-8号,2510,32.058291,118.801901,4001385517,待确认,低,百度地图 Place API + 轻量关键词规则,未命中明确宠物友好证据,待确认,待确认,高,中,携宠规则需出发前确认；高峰期人流较大，建议全程牵引并避开 16:00-18:00,出发前确认,候选节点
回味鸭血粉丝汤(珠江路店),美食;小吃快餐店,新街口 小吃,新街口街道珠江路48-1号新月大厦一层沿街商铺(近全福楼、博艺快印),1840,32.056128,118.793234,(025)83414775,待确认,低,百度地图 Place API + 轻量关键词规则,未命中明确宠物友好证据,待确认,待确认,高,中,携宠规则需出发前确认；高峰期人流较大，建议全程牵引并避开 16:00-18:00,出发前确认,候选节点
全福面馆(相府营店),美食;小吃快餐店,新街口 小吃,相府营16号102室,1797,32.053023,118.79748,"13951655799,18912969973",待确认,低,百度地图 Place API + 轻量关键词规则,未命中明确宠物友好证据,待确认,待确认,高,中,携宠规则需出发前确认；高峰期人流较大，建议全程牵引并避开 16:00-18:00,出发前确认,候选节点
台北古今快餐(成贤街店),美食;小吃快餐店,新街口 小吃,成贤街57号-18,2455,32.057651,118.801866,13505157919,待确认,低,百度地图 Place API + 轻量关键词规则,未命中明确宠物友好证据,待确认,待确认,高,中,携宠规则需出发前确认；高峰期人流较大，建议全程牵引并避开 16:00-18:00,出发前确认,候选节点
一三六面馆(进香河店),美食;小吃快餐店,新街口 小吃,进香河路进香河集贸市场南门3号,2136,32.057447,118.796744,18136655121,待确认,低,百度地图 Place API + 轻量关键词规则,未命中明确宠物友好证据,待确认,待确认,高,中,携宠规则需出发前确认；高峰期人流较大，建议全程牵引并避开 16:00-18:00,出发前确认,候选节点
回味鸭血粉丝汤(荔枝广场店),美食;小吃快餐店,新街口 小吃,新街口街道北京东路4号荔枝广场2楼,2605,32.064002,118.791829,13952021310,待确认,低,百度地图 Place API + 轻量关键词规则,开放空间或街区类 POI，需人工确认携宠规则,小型犬/中型犬,开放空间,中,中,携宠规则需出发前确认；高峰期人流较大，建议全程牵引并避开 16:00-18:00,出发前确认,散步/休息节点
七家湾牛肉锅贴(丹凤街店),美食;小吃快餐店,新街口 小吃,丹凤街33号,2347,32.061197,118.793074,13913827994,待确认,低,百度地图 Place API + 轻量关键词规则,未命中明确宠物友好证据,待确认,待确认,高,中,携宠规则需出发前确认；高峰期人流较大，建议全程牵引并避开 16:00-18:00,出发前确认,候选节点
非常小吃(银海大厦店),美食;小吃快餐店,新街口 小吃,江苏省南京市鼓楼区华侨路25号301室,1247,32.0521,118.788444,13951017917,待确认,低,百度地图 Place API + 轻量关键词规则,未命中明确宠物友好证据,待确认,待确认,高,中,携宠规则需出发前确认；高峰期人流较大，建议全程牵引并避开 16:00-18:00,出发前确认,候选节点
大脸鸡排(珠江路店),美食;小吃快餐店,新街口 小吃,珠江路4-1,1799,32.056333,118.791745,17798552911,待确认,低,百度地图 Place API + 轻量关键词规则,未命中明确宠物友好证据,待确认,待确认,高,中,携宠规则需出发前确认；高峰期人流较大，建议全程牵引并避开 16:00-18:00,出发前确认,候选节点
沙县小吃(碑亭巷店),美食;小吃快餐店,新街口 小吃,新街口街道碑亭巷148号(太平北路43号小区旁),2122,32.053576,118.801544,15960956601,待确认,低,百度地图 Place API + 轻量关键词规则,未命中明确宠物友好证据,待确认,待确认,高,中,携宠规则需出发前确认；高峰期人流较大，建议全程牵引并避开 16:00-18:00,出发前确认,候选节点
西安特色面馆(吉兆营店),美食;小吃快餐店,新街口 小吃,同仁西街吉兆花园8号109室,2029,32.058555,118.791779,"13382014977,18005162818",待确认,低,百度地图 Place API + 轻量关键词规则,未命中明确宠物友好证据,待确认,待确认,高,中,携宠规则需出发前确认；高峰期人流较大，建议全程牵引并避开 16:00-18:00,出发前确认,候选节点
东南大学(四牌楼校区)香园餐厅,美食;小吃快餐店,新街口 小吃,进香河路35号东南大学四牌楼校区西区内,2488,32.061764,118.795315,18951872980,待确认,低,百度地图 Place API + 轻量关键词规则,未命中明确宠物友好证据,待确认,待确认,高,中,携宠规则需出发前确认；高峰期人流较大，建议全程牵引并避开 16:00-18:00,出发前确认,候选节点
小巷子兰州牛肉拉面,美食;小吃快餐店,新街口 小吃,"新街口街道珠江路26号(正大鸭血粉丝汤,钟山驾校报名点和泸溪河桃酥的巷子里)",1811,32.056159,118.792478,18100616443,待确认,低,百度地图 Place API + 轻量关键词规则,未命中明确宠物友好证据,待确认,待确认,高,中,携宠规则需出发前确认；高峰期人流较大，建议全程牵引并避开 16:00-18:00,出发前确认,候选节点
北门桥老王馄饨鸭血粉丝炒面炒饭面条花甲,美食;小吃快餐店,新街口 小吃,估衣廊长江花园1号1层1-1室,1728,32.054877,118.793443,15850599167,待确认,低,百度地图 Place API + 轻量关键词规则,未命中明确宠物友好证据,待确认,待确认,高,中,携宠规则需出发前确认；高峰期人流较大，建议全程牵引并避开 16:00-18:00,出发前确认,候选节点
口爽鸡汤面馆(唱经楼西街店),美食;小吃快餐店,新街口 小吃,唱经楼西街1-8-2,2168,32.059457,118.79308,13915960747,待确认,低,百度地图 Place API + 轻量关键词规则,未命中明确宠物友好证据,待确认,待确认,高,中,携宠规则需出发前确认；高峰期人流较大，建议全程牵引并避开 16:00-18:00,出发前确认,候选节点
紫菜馄饨店(唱经楼西街店),美食;小吃快餐店,新街口 小吃,唱经楼西街59号102室,2200,32.059907,118.792675,13584097758,待确认,低,百度地图 Place API + 轻量关键词规则,未命中明确宠物友好证据,待确认,待确认,高,中,携宠规则需出发前确认；高峰期人流较大，建议全程牵引并避开 16:00-18:00,出发前确认,候选节点
桥头排骨(鱼市街店),美食;小吃快餐店,新街口 小吃,鱼市街57号杨国福麻辣烫隔壁,2019,32.05783,118.793488,13862369175,待确认,低,百度地图 Place API + 轻量关键词规则,未命中明确宠物友好证据,待确认,待确认,高,中,携宠规则需出发前确认；高峰期人流较大，建议全程牵引并避开 16:00-18:00,出发前确认,候选节点
鸭血粉丝汤,美食;小吃快餐店,新街口 小吃,中山路与吉兆营交叉口正东方向33米,2001,32.058519,118.791021,13951677244,待确认,低,百度地图 Place API + 轻量关键词规则,未命中明确宠物友好证据,待确认,待确认,高,中,携宠规则需出发前确认；高峰期人流较大，建议全程牵引并避开 16:00-18:00,出发前确认,候选节点
放心油条豆浆店(吉兆营店),美食;小吃快餐店,新街口 小吃,吉兆营52号（珠江路地铁站3号口步行130米）,2016,32.058578,118.791306,18795964599,待确认,低,百度地图 Place API + 轻量关键词规则,未命中明确宠物友好证据,待确认,待确认,高,中,携宠规则需出发前确认；高峰期人流较大，建议全程牵引并避开 16:00-18:00,出发前确认,候选节点
喵仙屋·猫咪活体售卖·猫咪洗护美容(新街口店),生活服务;宠物服务,新街口 宠物店,长白街68-3号,2000,32.044938,118.80493,,宠物服务相关,高,百度地图 Place API + 轻量关键词规则,命中宠物服务关键词,小型犬/中型犬/猫,宠物服务门店,中,低,高峰期人流较大，建议全程牵引并避开 16:00-18:00,电话咨询/到店服务,补给/护理节点
丢丢宠物(一枝园店),生活服务;宠物服务,新街口 宠物店,鸡鹅巷红庙一枝园20号（珠江路百脑汇对面，老如意不夜城旁边）,2014,32.05448,118.799019,13739189913,宠物服务相关,高,百度地图 Place API + 轻量关键词规则,命中宠物服务关键词,小型犬/中型犬/猫,宠物服务门店,中,低,高峰期人流较大，建议全程牵引并避开 16:00-18:00,电话咨询/到店服务,补给/护理节点
咪噜宠物(木马公寓店),生活服务;宠物服务,新街口 宠物店,丹凤街卫巷1号木马公寓,2110,32.058316,118.794493,"(025)86610107,13815857721",宠物服务相关,高,百度地图 Place API + 轻量关键词规则,命中宠物服务关键词,小型犬/中型犬/猫,宠物服务门店,中,低,高峰期人流较大，建议全程牵引并避开 16:00-18:00,电话咨询/到店服务,补给/护理节点
噗噗宠物自助浴场(新街口店),生活服务;宠物服务,新街口 宠物店,莫愁路329号7-2号楼106室,345,32.042965,118.780862,19523118587,宠物服务相关,高,百度地图 Place API + 轻量关键词规则,命中宠物服务关键词,小型犬/中型犬/猫,宠物服务门店,中,低,高峰期人流较大，建议全程牵引并避开 16:00-18:00,电话咨询/到店服务,补给/护理节点
相当宠·宠物蛋糕·洗护,生活服务;宠物服务,新街口 宠物洗护,莫愁湖东路16号-6,996,32.039693,118.773742,15001301030,宠物服务相关,高,百度地图 Place API + 轻量关键词规则,命中宠物服务关键词,小型犬/中型犬/猫,宠物服务门店,中,低,高峰期人流较大，建议全程牵引并避开 16:00-18:00,电话咨询/到店服务,补给/护理节点
微橘宠物生活(五福街店),生活服务;宠物服务,新街口 宠物洗护,五福街53号,1611,32.027725,118.778784,18252029279,宠物服务相关,高,百度地图 Place API + 轻量关键词规则,命中宠物服务关键词,小型犬/中型犬/猫,宠物服务门店,中,低,高峰期人流较大，建议全程牵引并避开 16:00-18:00,电话咨询/到店服务,补给/护理节点
MISS DENG宠物洗护沙龙·猫咪CFA猫舍,生活服务;宠物服务,新街口 宠物洗护,雅居乐花园外围商铺公园内婓石咖啡馆旁,3369,32.01611,118.803618,(025)84366399,宠物服务相关,高,百度地图 Place API + 轻量关键词规则,命中宠物服务关键词,小型犬/中型犬/猫,宠物服务门店,中,低,高峰期人流较大，建议全程牵引并避开 16:00-18:00,电话咨询/到店服务,补给/护理节点
喵仙屋·猫咪活体售卖·猫咪洗护美容(瑞金路店),生活服务;宠物服务,新街口 宠物洗护,瑞金路52号,3617,32.037752,118.822223,17361891006,宠物服务相关,高,百度地图 Place API + 轻量关键词规则,命中宠物服务关键词,小型犬/中型犬/猫,宠物服务门店,中,低,高峰期人流较大，建议全程牵引并避开 16:00-18:00,电话咨询/到店服务,补给/护理节点
58到家居家养老(新街口店),生活服务;其他,新街口 宠物洗护,江苏省南京市秦淮区明瓦廊66号一楼,512,32.041796,118.789511,13472105999,宠物服务相关,高,百度地图 Place API + 轻量关键词规则,命中宠物服务关键词,小型犬/中型犬/猫,待确认,中,低,高峰期人流较大，建议全程牵引并避开 16:00-18:00,电话咨询/到店服务,补给/护理节点
秦淮驿站(新街口商圈店),生活服务,新街口 宠物洗护,江苏省南京市秦淮区洪武路街道洪武路160号-2楼,883,32.042837,118.79333,17090120423,宠物服务相关,高,百度地图 Place API + 轻量关键词规则,命中宠物服务关键词,小型犬/中型犬/猫,待确认,中,低,高峰期人流较大，建议全程牵引并避开 16:00-18:00,电话咨询/到店服务,补给/护理节点
萌喵荟·撸猫·宠物洗护·猫咖(南京河西万达店),休闲娱乐;其他,新街口 宠物洗护,集庆门大街万达西地二街区220-31号萌喵荟,4026,32.035815,118.741913,(025)86559229,宠物服务相关,高,百度地图 Place API + 轻量关键词规则,命中宠物服务关键词,小型犬/中型犬/猫,宠物服务门店,中,低,高峰期人流较大，建议全程牵引并避开 16:00-18:00,电话咨询/到店服务,补给/护理节点
毛戈平(南京金鹰新街口店),购物;商铺,新街口 宠物洗护,中山南路79号中央商场1层,826,32.044785,118.791957,"(025)84709205,13776697325",宠物服务相关,高,百度地图 Place API + 轻量关键词规则,命中宠物服务关键词,小型犬/中型犬/猫,待确认,中,低,高峰期人流较大，建议全程牵引并避开 16:00-18:00,电话咨询/到店服务,补给/护理节点
卡皮对战屋,休闲娱乐;游戏场所,新街口 宠物洗护,南京市秦淮区新街口洪武路199号长发银座b座508号,957,32.041718,118.794259,,宠物服务相关,高,百度地图 Place API + 轻量关键词规则,命中宠物服务关键词,小型犬/中型犬/猫,待确认,中,低,高峰期人流较大，建议全程牵引并避开 16:00-18:00,电话咨询/到店服务,补给/护理节点
桶装纯净水配送新街口站,生活服务;家政服务,新街口 宠物洗护,大行宫大厦旁,1538,32.047939,118.798545,,宠物服务相关,高,百度地图 Place API + 轻量关键词规则,命中宠物服务关键词,小型犬/中型犬/猫,待确认,中,低,高峰期人流较大，建议全程牵引并避开 16:00-18:00,电话咨询/到店服务,补给/护理节点
南京东洲宠物用品有限公司,公司企业;公司,新街口 宠物洗护,江苏省南京市玄武区新街口街道长江路188号德基大厦7楼D座,1585,32.050989,118.796653,(025)86816312,宠物服务相关,高,百度地图 Place API + 轻量关键词规则,命中宠物服务关键词,小型犬/中型犬/猫,宠物服务门店,中,低,高峰期人流较大，建议全程牵引并避开 16:00-18:00,电话咨询/到店服务,补给/护理节点
宠物店,生活服务;宠物服务,新街口 宠物洗护,中央路47-8,3345,32.071111,118.790348,,宠物服务相关,高,百度地图 Place API + 轻量关键词规则,命中宠物服务关键词,小型犬/中型犬/猫,宠物服务门店,中,低,高峰期人流较大，建议全程牵引并避开 16:00-18:00,电话咨询/到店服务,补给/护理节点
新街口地铁站-1口,出入口;其他,新街口 公园,,744,32.045592,118.790357,,待确认,低,百度地图 Place API + 轻量关键词规则,开放空间或街区类 POI，需人工确认携宠规则,待确认,待确认,高,中,携宠规则需出发前确认；高峰期人流较大，建议全程牵引并避开 16:00-18:00,出发前确认,候选节点
新街口地铁站-3口,出入口;其他,新街口 公园,,787,32.04643,118.790105,,待确认,低,百度地图 Place API + 轻量关键词规则,开放空间或街区类 POI，需人工确认携宠规则,待确认,待确认,高,中,携宠规则需出发前确认；高峰期人流较大，建议全程牵引并避开 16:00-18:00,出发前确认,候选节点
和平公园,旅游景点;公园,新街口 公园,南京市玄武区北京东路43号,3101,32.063963,118.803606,,待确认,低,百度地图 Place API + 轻量关键词规则,开放空间或街区类 POI，需人工确认携宠规则,小型犬/中型犬,开放空间,中,中,携宠规则需出发前确认；高峰期人流较大，建议全程牵引并避开 16:00-18:00,出发前确认,散步/休息节点
新街口地铁站-6口,出入口;其他,新街口 公园,,936,32.048235,118.790069,,待确认,低,百度地图 Place API + 轻量关键词规则,开放空间或街区类 POI，需人工确认携宠规则,待确认,待确认,高,中,携宠规则需出发前确认；高峰期人流较大，建议全程牵引并避开 16:00-18:00,出发前确认,候选节点
新街口地铁站-2口,出入口;其他,新街口 公园,,740,32.045592,118.790303,,待确认,低,百度地图 Place API + 轻量关键词规则,开放空间或街区类 POI，需人工确认携宠规则,待确认,待确认,高,中,携宠规则需出发前确认；高峰期人流较大，建议全程牵引并避开 16:00-18:00,出发前确认,候选节点
新街口地铁站-15口,出入口;其他,新街口 公园,,692,32.044909,118.790254,,待确认,低,百度地图 Place API + 轻量关键词规则,开放空间或街区类 POI，需人工确认携宠规则,待确认,待确认,高,中,携宠规则需出发前确认；高峰期人流较大，建议全程牵引并避开 16:00-18:00,出发前确认,候选节点
新街口地铁站-4口,出入口;其他,新街口 公园,,875,32.047333,118.790335,,待确认,低,百度地图 Place API + 轻量关键词规则,开放空间或街区类 POI，需人工确认携宠规则,待确认,待确认,高,中,携宠规则需出发前确认；高峰期人流较大，建议全程牵引并避开 16:00-18:00,出发前确认,候选节点
新街口地铁站-7口,出入口;其他,新街口 公园,,998,32.048392,118.790894,,待确认,低,百度地图 Place API + 轻量关键词规则,开放空间或街区类 POI，需人工确认携宠规则,待确认,待确认,高,中,携宠规则需出发前确认；高峰期人流较大，建议全程牵引并避开 16:00-18:00,出发前确认,候选节点
新街口地铁站-14口,出入口;其他,新街口 公园,,729,32.044789,118.790797,,待确认,低,百度地图 Place API + 轻量关键词规则,开放空间或街区类 POI，需人工确认携宠规则,待确认,待确认,高,中,携宠规则需出发前确认；高峰期人流较大，建议全程牵引并避开 16:00-18:00,出发前确认,候选节点
新街口地铁站-13口,出入口;其他,新街口 公园,,779,32.04562,118.790797,,待确认,低,百度地图 Place API + 轻量关键词规则,开放空间或街区类 POI，需人工确认携宠规则,待确认,待确认,高,中,携宠规则需出发前确认；高峰期人流较大，建议全程牵引并避开 16:00-18:00,出发前确认,候选节点
新街口地铁站-5口,出入口;其他,新街口 公园,,882,32.047853,118.789719,,待确认,低,百度地图 Place API + 轻量关键词规则,开放空间或街区类 POI，需人工确认携宠规则,待确认,待确认,高,中,携宠规则需出发前确认；高峰期人流较大，建议全程牵引并避开 16:00-18:00,出发前确认,候选节点
新街口地铁站-20口,出入口;其他,新街口 公园,,824,32.048199,118.78786,,待确认,低,百度地图 Place API + 轻量关键词规则,开放空间或街区类 POI，需人工确认携宠规则,待确认,待确认,高,中,携宠规则需出发前确认；高峰期人流较大，建议全程牵引并避开 16:00-18:00,出发前确认,候选节点
新街口地铁站-12口,出入口;其他,新街口 公园,,853,32.046749,118.790708,,待确认,低,百度地图 Place API + 轻量关键词规则,开放空间或街区类 POI，需人工确认携宠规则,待确认,待确认,高,中,携宠规则需出发前确认；高峰期人流较大，建议全程牵引并避开 16:00-18:00,出发前确认,候选节点
鼓楼公园,旅游景点;公园,新街口 公园,江苏省南京市鼓楼区北京西路1-2号,2637,32.064917,118.788487,(025)86634466,待确认,低,百度地图 Place API + 轻量关键词规则,开放空间或街区类 POI，需人工确认携宠规则,小型犬/中型犬,开放空间,中,中,携宠规则需出发前确认；高峰期人流较大，建议全程牵引并避开 16:00-18:00,出发前确认,散步/休息节点
新街口·石鼓路,交通设施;公交车站,新街口 公园,18路;41路;302路;Y5路夜间,582,32.045177,118.788498,,待确认,低,百度地图 Place API + 轻量关键词规则,开放空间或街区类 POI，需人工确认携宠规则,待确认,待确认,高,中,携宠规则需出发前确认；高峰期人流较大，建议全程牵引并避开 16:00-18:00,出发前确认,候选节点
新街口步行街,道路,新街口 公园,江苏省南京市秦淮区,883,32.046099,118.791748,,待确认,低,百度地图 Place API + 轻量关键词规则,开放空间或街区类 POI，需人工确认携宠规则,小型犬/中型犬,商业街区,高,中,携宠规则需出发前确认；高峰期人流较大，建议全程牵引并避开 16:00-18:00,出发前确认,散步/休息节点
新街口地铁站-24口,出入口;其他,新街口 公园,,1069,32.047619,118.792858,,待确认,低,百度地图 Place API + 轻量关键词规则,开放空间或街区类 POI，需人工确认携宠规则,待确认,待确认,高,中,携宠规则需出发前确认；高峰期人流较大，建议全程牵引并避开 16:00-18:00,出发前确认,候选节点
新街口北,道路,新街口 公园,江苏省南京市玄武区中山路60号,1126,32.049942,118.790706,,待确认,低,百度地图 Place API + 轻量关键词规则,开放空间或街区类 POI，需人工确认携宠规则,待确认,待确认,高,中,携宠规则需出发前确认；高峰期人流较大，建议全程牵引并避开 16:00-18:00,出发前确认,候选节点
新街口地铁站-21口,出入口;其他,新街口 公园,,806,32.047929,118.788062,,待确认,低,百度地图 Place API + 轻量关键词规则,开放空间或街区类 POI，需人工确认携宠规则,待确认,待确认,高,中,携宠规则需出发前确认；高峰期人流较大，建议全程牵引并避开 16:00-18:00,出发前确认,候选节点
新街口·正洪街,交通设施;公交车站,新街口 公园,2路;26路;27路;30路;46路;60路,1015,32.044972,118.794059,,待确认,低,百度地图 Place API + 轻量关键词规则,开放空间或街区类 POI，需人工确认携宠规则,待确认,待确认,高,中,携宠规则需出发前确认；高峰期人流较大，建议全程牵引并避开 16:00-18:00,出发前确认,候选节点
新街口商业步行区,道路,新街口 公园,江苏省南京市秦淮区,833,32.046099,118.791748,,待确认,低,百度地图 Place API + 轻量关键词规则,开放空间或街区类 POI，需人工确认携宠规则,待确认,待确认,高,中,携宠规则需出发前确认；高峰期人流较大，建议全程牵引并避开 16:00-18:00,出发前确认,候选节点
苏宁生活广场(新街口店),房地产;商业综合体,新街口 公园,淮海路68号,867,32.043177,118.793091,13770334793,待确认,低,百度地图 Place API + 轻量关键词规则,开放空间或街区类 POI，需人工确认携宠规则,小型犬/中型犬,开放空间,中,中,携宠规则需出发前确认；高峰期人流较大，建议全程牵引并避开 16:00-18:00,出发前确认,散步/休息节点
印象汇(新街口店),购物;购物中心,新街口 公园,江苏省南京市秦淮区洪武路88号,908,32.044439,118.793096,,待确认,低,百度地图 Place API + 轻量关键词规则,开放空间或街区类 POI，需人工确认携宠规则,待确认,室内/商场,高,中,携宠规则需出发前确认；高峰期人流较大，建议全程牵引并避开 16:00-18:00；室内区域是否允许携宠需确认,出发前确认,候选节点
中央商场(新街口商业步行区店),购物;购物中心,新街口 公园,江苏省南京市秦淮区中山南路79号,821,32.044962,118.791805,"(025)84718288,(025)84726925",待确认,低,百度地图 Place API + 轻量关键词规则,开放空间或街区类 POI，需人工确认携宠规则,待确认,室内/商场,高,中,携宠规则需出发前确认；高峰期人流较大，建议全程牵引并避开 16:00-18:00；室内区域是否允许携宠需确认,出发前确认,候选节点
口袋公园,旅游景点,新街口 公园,南京市秦淮区罗廊路陶李王巷新苑东侧,797,32.045911,118.777435,,待确认,低,百度地图 Place API + 轻量关键词规则,开放空间或街区类 POI，需人工确认携宠规则,小型犬/中型犬,开放空间,中,中,携宠规则需出发前确认；高峰期人流较大，建议全程牵引并避开 16:00-18:00,出发前确认,散步/休息节点
Apple 新街口,购物;家电数码,新街口 公园,南京市玄武区中山路100号,1392,32.052548,118.791052,4006171334,待确认,低,百度地图 Place API + 轻量关键词规则,开放空间或街区类 POI，需人工确认携宠规则,待确认,待确认,高,中,携宠规则需出发前确认；高峰期人流较大，建议全程牵引并避开 16:00-18:00,出发前确认,候选节点
公园新寓,房地产;住宅区,新街口 公园,江苏省南京市秦淮区八宝前街40号,2583,32.034354,118.810174,,待确认,低,百度地图 Place API + 轻量关键词规则,开放空间或街区类 POI，需人工确认携宠规则,小型犬/中型犬,开放空间,中,中,携宠规则需出发前确认；高峰期人流较大，建议全程牵引并避开 16:00-18:00,出发前确认,散步/休息节点
新街口自如寓,房地产;住宅区,新街口 公园,江苏省南京市秦淮区朝天宫街道石鼓路107-1号华威大厦7层,574,32.046664,118.784335,,待确认,低,百度地图 Place API + 轻量关键词规则,开放空间或街区类 POI，需人工确认携宠规则,待确认,待确认,高,中,携宠规则需出发前确认；高峰期人流较大，建议全程牵引并避开 16:00-18:00,出发前确认,候选节点
抄纸巷小区,房地产;住宅区,新街口 公园,南京市秦淮区洪武路130号(常府街地铁站4号口步行450米),962,32.042548,118.794235,,待确认,低,百度地图 Place API + 轻量关键词规则,开放空间或街区类 POI，需人工确认携宠规则,待确认,待确认,高,中,携宠规则需出发前确认；高峰期人流较大，建议全程牵引并避开 16:00-18:00,出发前确认,候选节点
新街口商业步行区/洪武路(路口),道路;路口,新街口 公园,江苏省南京市秦淮区,1042,32.045481,118.794119,,待确认,低,百度地图 Place API + 轻量关键词规则,开放空间或街区类 POI，需人工确认携宠规则,待确认,待确认,高,中,携宠规则需出发前确认；高峰期人流较大，建议全程牵引并避开 16:00-18:00,出发前确认,候选节点
乌龙潭公园,旅游景点;公园,新街口 城市公园,江苏省南京市鼓楼区广州路217号(省人民医院对面),1582,32.051905,118.772649,(025)83714809,待确认,低,百度地图 Place API + 轻量关键词规则,开放空间或街区类 POI，需人工确认携宠规则,小型犬/中型犬,开放空间,中,中,携宠规则需出发前确认；高峰期人流较大，建议全程牵引并避开 16:00-18:00,出发前确认,散步/休息节点
南京城市职业学院(新街口校区),教育培训;高等院校,新街口 城市公园,江苏省南京市秦淮区游府西街46号,1132,32.045672,118.795057,(025)82212100,待确认,低,百度地图 Place API + 轻量关键词规则,开放空间或街区类 POI，需人工确认携宠规则,待确认,待确认,高,中,携宠规则需出发前确认；高峰期人流较大，建议全程牵引并避开 16:00-18:00,出发前确认,候选节点
南京城市职业学院(新街口校区)-东门,出入口;门,新街口 城市公园,江苏省南京市秦淮区游府西街46号,1175,32.045892,118.795447,,待确认,低,百度地图 Place API + 轻量关键词规则,开放空间或街区类 POI，需人工确认携宠规则,待确认,待确认,高,中,携宠规则需出发前确认；高峰期人流较大，建议全程牵引并避开 16:00-18:00,出发前确认,候选节点
南京冶一城市民宿(新街口店),酒店;民宿,新街口 城市公园,淮海路88号1013室,863,32.042864,118.793119,19825020888,待确认,低,百度地图 Place API + 轻量关键词规则,开放空间或街区类 POI，需人工确认携宠规则,待确认,待确认,高,中,携宠规则需出发前确认；高峰期人流较大，建议全程牵引并避开 16:00-18:00,出发前确认,候选节点
南京城市职业学院(新街口校区)-地下停车场,交通设施;停车场,新街口 城市公园,南京市秦淮区游府西街46号南京广播电视大学,1159,32.045897,118.795249,,待确认,低,百度地图 Place API + 轻量关键词规则,开放空间或街区类 POI，需人工确认携宠规则,待确认,待确认,高,中,携宠规则需出发前确认；高峰期人流较大，建议全程牵引并避开 16:00-18:00,出发前确认,候选节点
新城市广场,购物;购物中心,新街口 城市公园,南京市鼓楼区草场门大街99号,4195,32.063235,118.747711,(025)86262885,待确认,低,百度地图 Place API + 轻量关键词规则,开放空间或街区类 POI，需人工确认携宠规则,待确认,室内/商场,高,中,携宠规则需出发前确认；高峰期人流较大，建议全程牵引并避开 16:00-18:00；室内区域是否允许携宠需确认,出发前确认,候选节点
城市里青年旅舍(南京新街口店),酒店;其他,新街口 城市公园,石鼓路107号华威大厦15层15C室,555,32.046485,118.784444,18362093740,待确认,低,百度地图 Place API + 轻量关键词规则,开放空间或街区类 POI，需人工确认携宠规则,待确认,待确认,高,中,携宠规则需出发前确认；高峰期人流较大，建议全程牵引并避开 16:00-18:00,出发前确认,候选节点
南湖公园,旅游景点;公园,新街口 城市公园,江苏省南京市建邺区南湖东路与彩虹路交叉口,1631,32.034024,118.769206,(025)57566628,待确认,低,百度地图 Place API + 轻量关键词规则,开放空间或街区类 POI，需人工确认携宠规则,小型犬/中型犬,开放空间,中,中,携宠规则需出发前确认；高峰期人流较大，建议全程牵引并避开 16:00-18:00,出发前确认,散步/休息节点
九华山公园,旅游景点;公园,新街口 城市公园,南京市玄武区北京东路,3948,32.06604,118.814381,,待确认,低,百度地图 Place API + 轻量关键词规则,开放空间或街区类 POI，需人工确认携宠规则,小型犬/中型犬,开放空间,中,中,携宠规则需出发前确认；高峰期人流较大，建议全程牵引并避开 16:00-18:00,出发前确认,散步/休息节点
明御河公园,旅游景点;公园,新街口 城市公园,南京市秦淮区瑞阳街33号,3576,32.035185,118.8213,,待确认,低,百度地图 Place API + 轻量关键词规则,开放空间或街区类 POI，需人工确认携宠规则,小型犬/中型犬,开放空间,中,中,携宠规则需出发前确认；高峰期人流较大，建议全程牵引并避开 16:00-18:00,出发前确认,散步/休息节点
南京市玄武区城市公园管理中心,政府机构;行政单位,新街口 城市公园,南京市玄武区九华山隧道九华山公园,3894,32.064856,118.81489,,待确认,低,百度地图 Place API + 轻量关键词规则,开放空间或街区类 POI，需人工确认携宠规则,小型犬/中型犬,开放空间,中,中,携宠规则需出发前确认；高峰期人流较大，建议全程牵引并避开 16:00-18:00,出发前确认,散步/休息节点
大钟亭公园,旅游景点;公园,新街口 城市公园,大钟亭路1号,2882,32.066753,118.791018,(025)57713865,待确认,低,百度地图 Place API + 轻量关键词规则,开放空间或街区类 POI，需人工确认携宠规则,小型犬/中型犬,开放空间,中,中,携宠规则需出发前确认；高峰期人流较大，建议全程牵引并避开 16:00-18:00,出发前确认,散步/休息节点
南京月色新街口公寓,酒店;公寓式酒店,新街口 城市公园,江苏省南京秦淮区洪武路198号城开大厦,810,32.04043,118.792601,,待确认,低,百度地图 Place API + 轻量关键词规则,开放空间或街区类 POI，需人工确认携宠规则,待确认,待确认,高,中,携宠规则需出发前确认；高峰期人流较大，建议全程牵引并避开 16:00-18:00,出发前确认,候选节点
城市智选酒店(南京新街口德基广场店),酒店,新街口 城市公园,江苏省南京市玄武区北门桥路10号（新世界百货南侧）,1770,32.054868,118.794299,13951704796,待确认,低,百度地图 Place API + 轻量关键词规则,开放空间或街区类 POI，需人工确认携宠规则,小型犬/中型犬,开放空间,中,中,携宠规则需出发前确认；高峰期人流较大，建议全程牵引并避开 16:00-18:00,出发前确认,散步/休息节点
初相遇剧场·新街口地铁口店,休闲娱乐;剧院,新街口 城市公园,新街口地铁站3号口东方福来德商场三楼,820,32.046905,118.790012,,待确认,低,百度地图 Place API + 轻量关键词规则,开放空间或街区类 POI，需人工确认携宠规则,待确认,待确认,高,中,携宠规则需出发前确认；高峰期人流较大，建议全程牵引并避开 16:00-18:00,出发前确认,候选节点
雅居乐公园,旅游景点;公园,新街口 城市公园,南京市秦淮区龙蟠南路33号10号,3345,32.016931,118.804579,(025)87770817,待确认,低,百度地图 Place API + 轻量关键词规则,开放空间或街区类 POI，需人工确认携宠规则,小型犬/中型犬,开放空间,中,中,携宠规则需出发前确认；高峰期人流较大，建议全程牵引并避开 16:00-18:00,出发前确认,散步/休息节点
西流湾公园,旅游景点;公园,新街口 城市公园,中山北路146,3961,32.076922,118.779606,,待确认,低,百度地图 Place API + 轻量关键词规则,开放空间或街区类 POI，需人工确认携宠规则,小型犬/中型犬,开放空间,中,中,携宠规则需出发前确认；高峰期人流较大，建议全程牵引并避开 16:00-18:00,出发前确认,散步/休息节点
东之村·疗愈·SKIN&HEAD SPA(龙江店),休闲娱乐;洗浴按摩,新街口 城市公园,凤凰街道新城市广场2楼C250（南门大众书局对面）,4006,32.060248,118.747804,,待确认,低,百度地图 Place API + 轻量关键词规则,开放空间或街区类 POI，需人工确认携宠规则,待确认,待确认,高,中,携宠规则需出发前确认；高峰期人流较大，建议全程牵引并避开 16:00-18:00,出发前确认,候选节点
玄武区新街口社区卫生服务中心,医疗;其他,新街口 社区公园,江苏省南京市玄武区杨将军巷21号,1891,32.052606,118.799301,"(025)86632659,(025)86642930",待确认,低,百度地图 Place API + 轻量关键词规则,开放空间或街区类 POI，需人工确认携宠规则,待确认,待确认,高,中,携宠规则需出发前确认；高峰期人流较大，建议全程牵引并避开 16:00-18:00,出发前确认,候选节点
新街口商业街社区,行政地标,新街口 社区公园,南京市秦淮区游府西街451号,1289,32.044242,118.797395,,待确认,低,百度地图 Place API + 轻量关键词规则,开放空间或街区类 POI，需人工确认携宠规则,小型犬/中型犬,商业街区,高,中,携宠规则需出发前确认；高峰期人流较大，建议全程牵引并避开 16:00-18:00,出发前确认,散步/休息节点
新街口步行区社区,房地产;住宅区,新街口 社区公园,南京市秦淮区正洪街时尚莱迪商城,959,32.046224,118.792621,,待确认,低,百度地图 Place API + 轻量关键词规则,开放空间或街区类 POI，需人工确认携宠规则,待确认,待确认,高,中,携宠规则需出发前确认；高峰期人流较大，建议全程牵引并避开 16:00-18:00,出发前确认,候选节点
口袋公园,旅游景点;公园,新街口 社区公园,南京市建邺区应天大街南京市公安局建邺分局南苑派出所西北侧,3843,32.02613,118.747573,,待确认,低,百度地图 Place API + 轻量关键词规则,开放空间或街区类 POI，需人工确认携宠规则,小型犬/中型犬,开放空间,中,中,携宠规则需出发前确认；高峰期人流较大，建议全程牵引并避开 16:00-18:00,出发前确认,散步/休息节点
南京市新街口街道社区-政务服务中心,政府机构;行政单位,新街口 社区公园,江苏省南京市玄武区大石桥19新街口政务大厦南楼1层,2302,32.059838,118.795444,,待确认,低,百度地图 Place API + 轻量关键词规则,开放空间或街区类 POI，需人工确认携宠规则,待确认,待确认,高,中,携宠规则需出发前确认；高峰期人流较大，建议全程牵引并避开 16:00-18:00,出发前确认,候选节点
新街口商业街社区党群服务中心,生活服务,新街口 社区公园,江苏省南京市秦淮区五老村街道游府西街45-1号,1293,32.04425,118.797431,(025)84520981,待确认,低,百度地图 Place API + 轻量关键词规则,开放空间或街区类 POI，需人工确认携宠规则,小型犬/中型犬,商业街区,高,中,携宠规则需出发前确认；高峰期人流较大，建议全程牵引并避开 16:00-18:00,出发前确认,散步/休息节点
淮海路派出所新街口商业街社区警务室,政府机构;公检法机构,新街口 社区公园,南京市秦淮区抄纸巷11-21临,1085,32.044443,118.795075,,待确认,低,百度地图 Place API + 轻量关键词规则,开放空间或街区类 POI，需人工确认携宠规则,小型犬/中型犬,商业街区,高,中,携宠规则需出发前确认；高峰期人流较大，建议全程牵引并避开 16:00-18:00,出发前确认,散步/休息节点
新街口街道成贤街社区医保公共服务点,政府机构,新街口 社区公园,江苏省南京市玄武区成贤街119-2号,2570,32.059269,118.801535,,待确认,低,百度地图 Place API + 轻量关键词规则,开放空间或街区类 POI，需人工确认携宠规则,待确认,待确认,高,中,携宠规则需出发前确认；高峰期人流较大，建议全程牵引并避开 16:00-18:00,出发前确认,候选节点
和平公园-还都塔,旅游景点;文物古迹,新街口 社区公园,南京市玄武区北京东路和平公园,3069,32.063646,118.803544,,待确认,低,百度地图 Place API + 轻量关键词规则,开放空间或街区类 POI，需人工确认携宠规则,小型犬/中型犬,开放空间,中,中,携宠规则需出发前确认；高峰期人流较大，建议全程牵引并避开 16:00-18:00,出发前确认,散步/休息节点
和平公园-钟楼,旅游景点,新街口 社区公园,南京市玄武区北京东路和平公园内,3092,32.063847,118.803637,,待确认,低,百度地图 Place API + 轻量关键词规则,开放空间或街区类 POI，需人工确认携宠规则,小型犬/中型犬,开放空间,中,中,携宠规则需出发前确认；高峰期人流较大，建议全程牵引并避开 16:00-18:00,出发前确认,散步/休息节点
新街口社区卫生服务中心-东北门,出入口;门,新街口 社区公园,南京市玄武区杨将军巷22号附近,1897,32.052683,118.799301,,待确认,低,百度地图 Place API + 轻量关键词规则,开放空间或街区类 POI，需人工确认携宠规则,待确认,待确认,高,中,携宠规则需出发前确认；高峰期人流较大，建议全程牵引并避开 16:00-18:00,出发前确认,候选节点
中共玄武区新街口街道成贤街社区委员会,政府机构;党派团体,新街口 社区公园,南京市玄武区珠江路老虎桥18号-1号,2244,32.0575,118.798616,,待确认,低,百度地图 Place API + 轻量关键词规则,开放空间或街区类 POI，需人工确认携宠规则,待确认,待确认,高,中,携宠规则需出发前确认；高峰期人流较大，建议全程牵引并避开 16:00-18:00,出发前确认,候选节点
冶山道院社区,行政地标,新街口 社区公园,秦淮区新街口王府大街118号附近,256,32.039778,118.785916,,待确认,低,百度地图 Place API + 轻量关键词规则,开放空间或街区类 POI，需人工确认携宠规则,待确认,待确认,高,中,携宠规则需出发前确认；高峰期人流较大，建议全程牵引并避开 16:00-18:00,出发前确认,候选节点
新街口娱乐中心,休闲娱乐;剧院,新街口 社区公园,南京市秦淮区杨公井南京光阳大舞台人民剧院,1333,32.041865,118.79824,,待确认,低,百度地图 Place API + 轻量关键词规则,开放空间或街区类 POI，需人工确认携宠规则,待确认,待确认,高,中,携宠规则需出发前确认；高峰期人流较大，建议全程牵引并避开 16:00-18:00,出发前确认,候选节点
新街口社区卫生服务中心-发热门诊,医疗;发热门诊,新街口 社区公园,玄武区杨将军巷21号,1892,32.052613,118.79931,(025)86642930,待确认,低,百度地图 Place API + 轻量关键词规则,开放空间或街区类 POI，需人工确认携宠规则,待确认,待确认,高,中,携宠规则需出发前确认；高峰期人流较大，建议全程牵引并避开 16:00-18:00,出发前确认,候选节点
泰圣荷草本美胸连锁机构(金鹰总店),丽人;美体,新街口 社区公园,江苏省南京市秦淮区汉中路89号金鹰国际购物中心A2座33楼,733,32.047597,118.787069,4008882057,待确认,低,百度地图 Place API + 轻量关键词规则,开放空间或街区类 POI，需人工确认携宠规则,待确认,待确认,高,中,携宠规则需出发前确认；高峰期人流较大，建议全程牵引并避开 16:00-18:00,出发前确认,候选节点
玄武区人民政府新街口街道办事处,政府机构;各级政府,新街口 社区公园,南京市玄武区大石桥19号新街口政务大厦南楼7层,2311,32.059894,118.79552,(025)83287550,待确认,低,百度地图 Place API + 轻量关键词规则,开放空间或街区类 POI，需人工确认携宠规则,待确认,待确认,高,中,携宠规则需出发前确认；高峰期人流较大，建议全程牵引并避开 16:00-18:00,出发前确认,候选节点
公共厕所,生活服务;公共厕所,新街口 社区公园,北京东路小公园内18-2号,2847,32.064004,118.798514,,待确认,低,百度地图 Place API + 轻量关键词规则,开放空间或街区类 POI，需人工确认携宠规则,待确认,待确认,高,中,携宠规则需出发前确认；高峰期人流较大，建议全程牵引并避开 16:00-18:00,出发前确认,候选节点
乌龙潭公园-南门,出入口;门,新街口 社区公园,广州路215号乌龙潭公园,1563,32.050081,118.770956,,待确认,低,百度地图 Place API + 轻量关键词规则,开放空间或街区类 POI，需人工确认携宠规则,小型犬/中型犬,开放空间,中,中,携宠规则需出发前确认；高峰期人流较大，建议全程牵引并避开 16:00-18:00,出发前确认,散步/休息节点
新街口街道城市环境管理服务中心,政府机构;行政单位,新街口 社区公园,江苏省南京市玄武区相府营16号香铺营小区,1773,32.053202,118.796885,,待确认,低,百度地图 Place API + 轻量关键词规则,开放空间或街区类 POI，需人工确认携宠规则,待确认,待确认,高,中,携宠规则需出发前确认；高峰期人流较大，建议全程牵引并避开 16:00-18:00,出发前确认,候选节点
新街口街道区域党建中心,政府机构;行政单位,新街口 社区公园,南京市玄武区19新街口政务大厦南楼5层,2294,32.059607,118.79578,,待确认,低,百度地图 Place API + 轻量关键词规则,开放空间或街区类 POI，需人工确认携宠规则,待确认,待确认,高,中,携宠规则需出发前确认；高峰期人流较大，建议全程牵引并避开 16:00-18:00,出发前确认,候选节点
新街口街道文化站,文化传媒;文化宫,新街口 社区公园,南京市玄武区19新街口政务大厦南楼3-4楼,2301,32.059804,118.7955,,待确认,低,百度地图 Place API + 轻量关键词规则,开放空间或街区类 POI，需人工确认携宠规则,待确认,待确认,高,中,携宠规则需出发前确认；高峰期人流较大，建议全程牵引并避开 16:00-18:00,出发前确认,候选节点
古林公园,交通设施;公交车站,新街口 社区公园,21路;45路;66路;134路;134路高峰区间;502路;502路高峰巴士;532路;559路;583路;Y4路夜间,3858,32.071158,118.762854,,待确认,低,百度地图 Place API + 轻量关键词规则,开放空间或街区类 POI，需人工确认携宠规则,小型犬/中型犬,开放空间,中,中,携宠规则需出发前确认；高峰期人流较大，建议全程牵引并避开 16:00-18:00,出发前确认,散步/休息节点
社区政务大厦,房地产;写字楼,新街口 社区公园,南京市玄武区新街口街道丹凤新寓14栋,2259,32.059398,118.795451,,待确认,低,百度地图 Place API + 轻量关键词规则,开放空间或街区类 POI，需人工确认携宠规则,待确认,待确认,高,中,携宠规则需出发前确认；高峰期人流较大，建议全程牵引并避开 16:00-18:00,出发前确认,候选节点
新街口街道经济发展服务中心,政府机构;行政单位,新街口 社区公园,南京市玄武区19新街口政务大厦南楼2层,2294,32.059607,118.79578,,待确认,低,百度地图 Place API + 轻量关键词规则,开放空间或街区类 POI，需人工确认携宠规则,待确认,待确认,高,中,携宠规则需出发前确认；高峰期人流较大，建议全程牵引并避开 16:00-18:00,出发前确认,候选节点
公园新寓-2幢,房地产;内部楼栋,新街口 社区公园,江苏省南京市秦淮区公园新寓2幢,2598,32.034517,118.81041,,待确认,低,百度地图 Place API + 轻量关键词规则,开放空间或街区类 POI，需人工确认携宠规则,小型犬/中型犬,开放空间,中,中,携宠规则需出发前确认；高峰期人流较大，建议全程牵引并避开 16:00-18:00,出发前确认,散步/休息节点
新街口街道劳动人事争议调解中心,政府机构;行政单位,新街口 社区公园,江苏省南京市玄武区大石桥19号,2296,32.059763,118.79548,,待确认,低,百度地图 Place API + 轻量关键词规则,开放空间或街区类 POI，需人工确认携宠规则,待确认,待确认,高,中,携宠规则需出发前确认；高峰期人流较大，建议全程牵引并避开 16:00-18:00,出发前确认,候选节点
正新鸡排·炸鸡烧烤(新街口店),美食;小吃快餐店,新街口 社区公园,新街口街道楼蓁巷20号,2508,32.059517,118.800116,18036974223,待确认,低,百度地图 Place API + 轻量关键词规则,开放空间或街区类 POI，需人工确认携宠规则,待确认,待确认,高,中,携宠规则需出发前确认；高峰期人流较大，建议全程牵引并避开 16:00-18:00,出发前确认,候选节点
绿地中心·紫峰购物广场,购物;购物中心,新街口 绿地,江苏省南京市鼓楼区中山北路6号,2871,32.06689,118.789688,,待确认,低,百度地图 Place API + 轻量关键词规则,开放空间或街区类 POI，需人工确认携宠规则,待确认,室内/商场,高,中,携宠规则需出发前确认；高峰期人流较大，建议全程牵引并避开 16:00-18:00；室内区域是否允许携宠需确认,出发前确认,候选节点
南京新街口INITIAL·里奢酒店,酒店,新街口 绿地,丰富路126号,399,32.042765,118.788057,(025)84209188,待确认,低,百度地图 Place API + 轻量关键词规则,开放空间或街区类 POI，需人工确认携宠规则,待确认,待确认,高,中,携宠规则需出发前确认；高峰期人流较大，建议全程牵引并避开 16:00-18:00,出发前确认,候选节点
南京绿地中心紫峰大厦,房地产;写字楼,新街口 绿地,江苏省南京市鼓楼区中山北路1号,2885,32.067024,118.789649,(025)83280777,待确认,低,百度地图 Place API + 轻量关键词规则,开放空间或街区类 POI，需人工确认携宠规则,小型犬/中型犬,开放空间,中,中,携宠规则需出发前确认；高峰期人流较大，建议全程牵引并避开 16:00-18:00,出发前确认,散步/休息节点
绿地广场,休闲娱乐;休闲广场,新街口 绿地,江苏省南京市鼓楼区鼓楼街88号,2694,32.065295,118.789503,(025)83280777,待确认,低,百度地图 Place API + 轻量关键词规则,开放空间或街区类 POI，需人工确认携宠规则,小型犬/中型犬,开放空间,中,中,携宠规则需出发前确认；高峰期人流较大，建议全程牵引并避开 16:00-18:00,出发前确认,散步/休息节点
星巴克(南京绿地广场店),美食;咖啡厅,新街口 绿地,江苏省南京市鼓楼区中山北路6号,2931,32.067495,118.78926,025-85556568,待确认,低,百度地图 Place API + 轻量关键词规则,开放空间或街区类 POI，需人工确认携宠规则,小型犬/中型犬,开放空间,中,中,携宠规则需出发前确认；高峰期人流较大，建议全程牵引并避开 16:00-18:00,出发前确认,散步/休息节点
绿地广场-云峰大厦,房地产;写字楼,新街口 绿地,江苏省南京市鼓楼区中山北路8号紫峰大厦,2898,32.067248,118.788903,,待确认,低,百度地图 Place API + 轻量关键词规则,开放空间或街区类 POI，需人工确认携宠规则,小型犬/中型犬,开放空间,中,中,携宠规则需出发前确认；高峰期人流较大，建议全程牵引并避开 16:00-18:00,出发前确认,散步/休息节点
绿地紫金中心,房地产;写字楼,新街口 绿地,江苏省南京市鼓楼区马台街2号,3835,32.075986,118.783237,(025)83222777,待确认,低,百度地图 Place API + 轻量关键词规则,开放空间或街区类 POI，需人工确认携宠规则,小型犬/中型犬,开放空间,中,中,携宠规则需出发前确认；高峰期人流较大，建议全程牵引并避开 16:00-18:00,出发前确认,散步/休息节点
南京国信大酒店-电子高尔夫,绿地;高尔夫球场,新街口 绿地,南京市玄武区长江路88号国信大酒店5层,1446,32.052006,118.793142,(025)86885088,待确认,低,百度地图 Place API + 轻量关键词规则,开放空间或街区类 POI，需人工确认携宠规则,小型犬/中型犬,开放空间,中,中,携宠规则需出发前确认；高峰期人流较大，建议全程牵引并避开 16:00-18:00,出发前确认,散步/休息节点
wagas(绿地紫峰店),美食;外国餐厅,新街口 绿地,中山北路6号紫峰购物广场一层B01商铺,2861,32.066901,118.788978,15955216905,待确认,低,百度地图 Place API + 轻量关键词规则,开放空间或街区类 POI，需人工确认携宠规则,小型犬/中型犬,开放空间,中,中,携宠规则需出发前确认；高峰期人流较大，建议全程牵引并避开 16:00-18:00,出发前确认,散步/休息节点
绿地广场国际商务中心,房地产;写字楼,新街口 绿地,南京市鼓楼区鼓楼街88号,2807,32.066497,118.788303,,待确认,低,百度地图 Place API + 轻量关键词规则,开放空间或街区类 POI，需人工确认携宠规则,小型犬/中型犬,开放空间,中,中,携宠规则需出发前确认；高峰期人流较大，建议全程牵引并避开 16:00-18:00,出发前确认,散步/休息节点
如家·neo-南京新街口地铁站天空之都店,酒店,新街口 绿地,江苏省南京市秦淮区洪武路街道户部街33号,1033,32.041724,118.795069,13813863833,待确认,低,百度地图 Place API + 轻量关键词规则,开放空间或街区类 POI，需人工确认携宠规则,待确认,待确认,高,中,携宠规则需出发前确认；高峰期人流较大，建议全程牵引并避开 16:00-18:00,出发前确认,候选节点
绿地中心·紫峰购物广场-南门,出入口;门,新街口 绿地,江苏省南京市鼓楼区中山北路6号绿地中心·紫峰购物广场F1,2855,32.066809,118.789209,,待确认,低,百度地图 Place API + 轻量关键词规则,开放空间或街区类 POI，需人工确认携宠规则,小型犬/中型犬,开放空间,中,中,携宠规则需出发前确认；高峰期人流较大，建议全程牵引并避开 16:00-18:00,出发前确认,散步/休息节点
绿地中心·紫峰购物广场-北门,出入口;门,新街口 绿地,江苏省南京市鼓楼区中山北路6号绿地中心·紫峰购物广场F1,2930,32.067469,118.789372,,待确认,低,百度地图 Place API + 轻量关键词规则,开放空间或街区类 POI，需人工确认携宠规则,小型犬/中型犬,开放空间,中,中,携宠规则需出发前确认；高峰期人流较大，建议全程牵引并避开 16:00-18:00,出发前确认,散步/休息节点
绿地广场紫峰大厦写字楼,房地产;写字楼,新街口 绿地,江苏省南京市鼓楼区湖南路街道中央路1号,2868,32.066868,118.789645,,待确认,低,百度地图 Place API + 轻量关键词规则,开放空间或街区类 POI，需人工确认携宠规则,小型犬/中型犬,开放空间,中,中,携宠规则需出发前确认；高峰期人流较大，建议全程牵引并避开 16:00-18:00,出发前确认,散步/休息节点
绿地城开集团,公司企业;公司,新街口 绿地,江苏省南京市秦淮区洪武路198号城开大厦1幢21楼,859,32.040027,118.793049,,待确认,低,百度地图 Place API + 轻量关键词规则,开放空间或街区类 POI，需人工确认携宠规则,小型犬/中型犬,开放空间,中,中,携宠规则需出发前确认；高峰期人流较大，建议全程牵引并避开 16:00-18:00,出发前确认,散步/休息节点
SALON+HICHI(绿地中心紫峰购物广场店),丽人;美发,新街口 绿地,江苏省南京市鼓楼区中山北路6号绿地中心·紫峰购物广场F5,2870,32.066996,118.788903,15708475818,待确认,低,百度地图 Place API + 轻量关键词规则,开放空间或街区类 POI，需人工确认携宠规则,小型犬/中型犬,开放空间,中,中,携宠规则需出发前确认；高峰期人流较大，建议全程牵引并避开 16:00-18:00,出发前确认,散步/休息节点
南京绿地中心紫峰大厦-南门,出入口;门,新街口 绿地,南京市鼓楼区中山北路11号附近,2843,32.066637,118.789621,,待确认,低,百度地图 Place API + 轻量关键词规则,开放空间或街区类 POI，需人工确认携宠规则,小型犬/中型犬,开放空间,中,中,携宠规则需出发前确认；高峰期人流较大，建议全程牵引并避开 16:00-18:00,出发前确认,散步/休息节点
绿地广场国际商务中心-西门,出入口;门,新街口 绿地,江苏省南京市鼓楼区绿地广场国际商务中心地下停车场,2793,32.066405,118.78797,,待确认,低,百度地图 Place API + 轻量关键词规则,开放空间或街区类 POI，需人工确认携宠规则,小型犬/中型犬,开放空间,中,中,携宠规则需出发前确认；高峰期人流较大，建议全程牵引并避开 16:00-18:00,出发前确认,散步/休息节点
南京绿地中心紫峰大厦-东门,出入口;门,新街口 绿地,江苏省南京市鼓楼区中山北路1号,2906,32.067108,118.790269,,待确认,低,百度地图 Place API + 轻量关键词规则,开放空间或街区类 POI，需人工确认携宠规则,小型犬/中型犬,开放空间,中,中,携宠规则需出发前确认；高峰期人流较大，建议全程牵引并避开 16:00-18:00,出发前确认,散步/休息节点
南京绿地洲际酒店大堂,生活服务,新街口 绿地,南京市鼓楼区中央路绿地中心·紫峰购物广场,2871,32.066887,118.789692,,待确认,低,百度地图 Place API + 轻量关键词规则,开放空间或街区类 POI，需人工确认携宠规则,小型犬/中型犬,开放空间,中,中,携宠规则需出发前确认；高峰期人流较大，建议全程牵引并避开 16:00-18:00,出发前确认,散步/休息节点
南京绿地中心紫峰大厦-地下停车场,交通设施;停车场,新街口 绿地,江苏省南京市鼓楼区中山北路1号,2908,32.067309,118.789098,,待确认,低,百度地图 Place API + 轻量关键词规则,开放空间或街区类 POI，需人工确认携宠规则,小型犬/中型犬,开放空间,中,中,携宠规则需出发前确认；高峰期人流较大，建议全程牵引并避开 16:00-18:00,出发前确认,散步/休息节点
绿地海珀紫金观澜云邸,房地产;住宅区,新街口 绿地,江苏省南京市鼓楼区中山北路136号,3967,32.076978,118.779662,,待确认,低,百度地图 Place API + 轻量关键词规则,开放空间或街区类 POI，需人工确认携宠规则,小型犬/中型犬,开放空间,中,中,携宠规则需出发前确认；高峰期人流较大，建议全程牵引并避开 16:00-18:00,出发前确认,散步/休息节点
绿地广场国际商务中心-地下停车场,交通设施;停车场,新街口 绿地,南京市鼓楼区鼓楼街88号,2801,32.066436,118.788336,,待确认,低,百度地图 Place API + 轻量关键词规则,开放空间或街区类 POI，需人工确认携宠规则,小型犬/中型犬,开放空间,中,中,携宠规则需出发前确认；高峰期人流较大，建议全程牵引并避开 16:00-18:00,出发前确认,散步/休息节点
绿茶宝贝公寓(南京夫子庙景区步行街店),酒店;公寓式酒店,新街口 绿地,江苏省南京市秦淮区贡院街15号601室,2060,32.028725,118.799934,,待确认,低,百度地图 Place API + 轻量关键词规则,开放空间或街区类 POI，需人工确认携宠规则,小型犬/中型犬,商业街区,高,中,携宠规则需出发前确认；高峰期人流较大，建议全程牵引并避开 16:00-18:00,出发前确认,散步/休息节点
绿地海珀紫金,房地产;住宅区,新街口 绿地,江苏省南京市鼓楼区湖南路街道马台街97号,4010,32.077346,118.779354,,待确认,低,百度地图 Place API + 轻量关键词规则,开放空间或街区类 POI，需人工确认携宠规则,小型犬/中型犬,开放空间,中,中,携宠规则需出发前确认；高峰期人流较大，建议全程牵引并避开 16:00-18:00,出发前确认,散步/休息节点
绿地广场国际商务中心-南门,出入口;门,新街口 绿地,南京市鼓楼区鼓楼街88号,2734,32.065844,118.788183,,待确认,低,百度地图 Place API + 轻量关键词规则,开放空间或街区类 POI，需人工确认携宠规则,小型犬/中型犬,开放空间,中,中,携宠规则需出发前确认；高峰期人流较大，建议全程牵引并避开 16:00-18:00,出发前确认,散步/休息节点
南京翠峰大厦,房地产;写字楼,新街口 绿地,江苏省南京市鼓楼区中山北路1号,2811,32.066479,118.788711,,待确认,低,百度地图 Place API + 轻量关键词规则,开放空间或街区类 POI，需人工确认携宠规则,待确认,待确认,高,中,携宠规则需出发前确认；高峰期人流较大，建议全程牵引并避开 16:00-18:00,出发前确认,候选节点
南京思宸知识产权代理事务所(特殊普通合伙),公司企业,新街口 绿地,南京市栖霞区马群街道石狮路12号绿地云都会2栋908室,555,32.046485,118.784444,,待确认,低,百度地图 Place API + 轻量关键词规则,开放空间或街区类 POI，需人工确认携宠规则,待确认,待确认,高,中,携宠规则需出发前确认；高峰期人流较大，建议全程牵引并避开 16:00-18:00,出发前确认,候选节点
丹德齿科(绿地中心紫峰购物广场),医疗;诊所,新街口 绿地,江苏省南京市鼓楼区中山北路6号绿地中心·紫峰购物广场F4,2917,32.067274,118.789912,"(025)58801888,(025)66070000,4000259968",待确认,低,百度地图 Place API + 轻量关键词规则,开放空间或街区类 POI，需人工确认携宠规则,小型犬/中型犬,开放空间,中,中,携宠规则需出发前确认；高峰期人流较大，建议全程牵引并避开 16:00-18:00,出发前确认,散步/休息节点
奈雪的茶(紫峰广场店),美食;其他,新街口 绿地,中山北路6号绿地紫峰广场1F-A03号铺位1号门口,2848,32.066763,118.789129,13925245308,待确认,低,百度地图 Place API + 轻量关键词规则,开放空间或街区类 POI，需人工确认携宠规则,小型犬/中型犬,开放空间,中,中,携宠规则需出发前确认；高峰期人流较大，建议全程牵引并避开 16:00-18:00,出发前确认,散步/休息节点
绿地紫金中心-地上停车场,交通设施;停车场,新街口 绿地,江苏省南京市鼓楼区湖南路街道丁家桥2号(灯光隧道旁),3880,32.076398,118.783711,,待确认,低,百度地图 Place API + 轻量关键词规则,开放空间或街区类 POI，需人工确认携宠规则,小型犬/中型犬,开放空间,中,中,携宠规则需出发前确认；高峰期人流较大，建议全程牵引并避开 16:00-18:00,出发前确认,散步/休息节点
逸海精品超市(绿地中心·紫峰购物广场店),购物;超市,新街口 绿地,北京西路6号(鼓楼地铁站6号口步行340米),2654,32.065343,118.785591,18951683970,待确认,低,百度地图 Place API + 轻量关键词规则,开放空间或街区类 POI，需人工确认携宠规则,小型犬/中型犬,开放空间,中,中,携宠规则需出发前确认；高峰期人流较大，建议全程牵引并避开 16:00-18:00,出发前确认,散步/休息节点
南京大学逸夫馆,绿地;高尔夫球场,新街口 绿地,汉口路22号南京大学,2344,32.062587,118.784274,,待确认,低,百度地图 Place API + 轻量关键词规则,开放空间或街区类 POI，需人工确认携宠规则,小型犬/中型犬,开放空间,中,中,携宠规则需出发前确认；高峰期人流较大，建议全程牵引并避开 16:00-18:00,出发前确认,散步/休息节点
绿地控股,公司企业,新街口 绿地,南京市鼓楼区马台街湖北路87-89小区北侧约80米,3818,32.075817,118.782645,,待确认,低,百度地图 Place API + 轻量关键词规则,开放空间或街区类 POI，需人工确认携宠规则,小型犬/中型犬,开放空间,中,中,携宠规则需出发前确认；高峰期人流较大，建议全程牵引并避开 16:00-18:00,出发前确认,散步/休息节点
中江国际-北门,出入口;门,新街口 绿地,江苏省南京市鼓楼区北京西路5附近,2626,32.06506,118.786072,,待确认,低,百度地图 Place API + 轻量关键词规则,开放空间或街区类 POI，需人工确认携宠规则,待确认,待确认,高,中,携宠规则需出发前确认；高峰期人流较大，建议全程牵引并避开 16:00-18:00,出发前确认,候选节点
紫金信托有限责任公司,金融;投资理财,新街口 绿地,江苏省南京市鼓楼区中山北路2号,2864,32.066841,118.789594,(025)66775858,待确认,低,百度地图 Place API + 轻量关键词规则,开放空间或街区类 POI，需人工确认携宠规则,待确认,待确认,高,中,携宠规则需出发前确认；高峰期人流较大，建议全程牵引并避开 16:00-18:00,出发前确认,候选节点
紫峰大厦观光层,休闲娱乐,新街口 绿地,江苏省南京市鼓楼区中山北路2号绿地中心·紫峰大厦72楼,2875,32.066918,118.789719,,待确认,低,百度地图 Place API + 轻量关键词规则,开放空间或街区类 POI，需人工确认携宠规则,待确认,待确认,高,中,携宠规则需出发前确认；高峰期人流较大，建议全程牵引并避开 16:00-18:00,出发前确认,候选节点
绿地中心紫峰购物广场-接送点,交通设施;接送点,新街口 绿地,绿地中心·紫峰购物广场附近,2898,32.067297,118.788528,,待确认,低,百度地图 Place API + 轻量关键词规则,开放空间或街区类 POI，需人工确认携宠规则,小型犬/中型犬,开放空间,中,中,携宠规则需出发前确认；高峰期人流较大，建议全程牵引并避开 16:00-18:00,出发前确认,散步/休息节点
环亚广场(新街口店),购物;购物中心,新街口 广场,石鼓路33号,551,32.04487,118.788386,(025)84203888,待确认,低,百度地图 Place API + 轻量关键词规则,开放空间或街区类 POI，需人工确认携宠规则,待确认,室内/商场,高,中,携宠规则需出发前确认；高峰期人流较大，建议全程牵引并避开 16:00-18:00；室内区域是否允许携宠需确认,出发前确认,候选节点
和颐至尚酒店(南京新街口广场店)地上停车场-出口,出入口;停车场出入口,新街口 广场,南京市秦淮区丰富路140号,444,32.043339,118.788288,,待确认,低,百度地图 Place API + 轻量关键词规则,开放空间或街区类 POI，需人工确认携宠规则,小型犬/中型犬,开放空间,中,中,携宠规则需出发前确认；高峰期人流较大，建议全程牵引并避开 16:00-18:00,出发前确认,散步/休息节点
苏宁生活广场(新街口店)-地下停车场,交通设施;停车场,新街口 广场,南京市秦淮区龙淮海路68号苏宁生活广场B4,865,32.04327,118.793047,,待确认,低,百度地图 Place API + 轻量关键词规则,开放空间或街区类 POI，需人工确认携宠规则,小型犬/中型犬,开放空间,中,中,携宠规则需出发前确认；高峰期人流较大，建议全程牵引并避开 16:00-18:00,出发前确认,散步/休息节点
清沐精选酒店(南京新街口金鹰国际广场店),酒店,新街口 广场,石鼓路107号华威大厦9楼,591,32.046817,118.784177,(025)69077877,待确认,低,百度地图 Place API + 轻量关键词规则,开放空间或街区类 POI，需人工确认携宠规则,小型犬/中型犬,开放空间,中,中,携宠规则需出发前确认；高峰期人流较大，建议全程牵引并避开 16:00-18:00,出发前确认,散步/休息节点
和颐至尚酒店(南京新街口广场店)-地上停车场,交通设施;停车场,新街口 广场,南京市秦淮区丰富路140号,462,32.043262,118.788549,,待确认,低,百度地图 Place API + 轻量关键词规则,开放空间或街区类 POI，需人工确认携宠规则,小型犬/中型犬,开放空间,中,中,携宠规则需出发前确认；高峰期人流较大，建议全程牵引并避开 16:00-18:00,出发前确认,散步/休息节点
苏宁生活广场(新街口店)地下停车场-入口,出入口;停车场出入口,新街口 广场,南京市秦淮区龙淮海路68号苏宁生活广场B4,831,32.04317,118.792702,,待确认,低,百度地图 Place API + 轻量关键词规则,开放空间或街区类 POI，需人工确认携宠规则,小型犬/中型犬,开放空间,中,中,携宠规则需出发前确认；高峰期人流较大，建议全程牵引并避开 16:00-18:00,出发前确认,散步/休息节点
南京商茂国际酒店(新街口德基广场店),酒店,新街口 广场,中山南路49号商茂世纪广场43楼,819,32.04582,118.79114,"(025)86898900,(025)86898989",待确认,低,百度地图 Place API + 轻量关键词规则,开放空间或街区类 POI，需人工确认携宠规则,小型犬/中型犬,开放空间,中,中,携宠规则需出发前确认；高峰期人流较大，建议全程牵引并避开 16:00-18:00,出发前确认,散步/休息节点
环亚广场(新街口店)-地下停车场,交通设施;停车场,新街口 广场,南京市秦淮区石鼓路33号,551,32.044854,118.788417,,待确认,低,百度地图 Place API + 轻量关键词规则,开放空间或街区类 POI，需人工确认携宠规则,小型犬/中型犬,开放空间,中,中,携宠规则需出发前确认；高峰期人流较大，建议全程牵引并避开 16:00-18:00,出发前确认,散步/休息节点
朝林果汁(环亚广场新街口店),购物;商铺,新街口 广场,石鼓路15号102室,545,32.044381,118.788783,,待确认,低,百度地图 Place API + 轻量关键词规则,开放空间或街区类 POI，需人工确认携宠规则,小型犬/中型犬,开放空间,中,中,携宠规则需出发前确认；高峰期人流较大，建议全程牵引并避开 16:00-18:00,出发前确认,散步/休息节点
福奈特洗衣·洗鞋·奢侈品护理(新街口金鹰国际广场店),生活服务;洗衣店,新街口 广场,汉中路89号金鹰国际购物中心新街口店A座负1层,714,32.047865,118.785152,,待确认,低,百度地图 Place API + 轻量关键词规则,开放空间或街区类 POI，需人工确认携宠规则,小型犬/中型犬,开放空间,中,中,携宠规则需出发前确认；高峰期人流较大，建议全程牵引并避开 16:00-18:00,出发前确认,散步/休息节点
环亚广场(新街口店)-东北门,出入口;门,新街口 广场,南京市秦淮区石鼓路33号,564,32.04496,118.788482,,待确认,低,百度地图 Place API + 轻量关键词规则,开放空间或街区类 POI，需人工确认携宠规则,小型犬/中型犬,开放空间,中,中,携宠规则需出发前确认；高峰期人流较大，建议全程牵引并避开 16:00-18:00,出发前确认,散步/休息节点
如家精选酒店(南京新街口地铁站德基广场店),酒店,新街口 广场,新街口管家桥59号,1043,32.050073,118.788594,(025)51807222,待确认,低,百度地图 Place API + 轻量关键词规则,开放空间或街区类 POI，需人工确认携宠规则,小型犬/中型犬,开放空间,中,中,携宠规则需出发前确认；高峰期人流较大，建议全程牵引并避开 16:00-18:00,出发前确认,散步/休息节点
水火陶艺手作坊(新街口友谊广场店),休闲娱乐;其他,新街口 广场,汉中路27号友谊广场三楼（从旅见酒店大堂进上直梯三楼）,802,32.047748,118.788365,19844563140,待确认,低,百度地图 Place API + 轻量关键词规则,开放空间或街区类 POI，需人工确认携宠规则,小型犬/中型犬,开放空间,中,中,携宠规则需出发前确认；高峰期人流较大，建议全程牵引并避开 16:00-18:00,出发前确认,散步/休息节点
南京新街口书香世家酒店(德基广场店),酒店,新街口 广场,管家桥65号新华大厦内,1135,32.050686,118.789357,(025)69091888,待确认,低,百度地图 Place API + 轻量关键词规则,开放空间或街区类 POI，需人工确认携宠规则,小型犬/中型犬,开放空间,中,中,携宠规则需出发前确认；高峰期人流较大，建议全程牵引并避开 16:00-18:00,出发前确认,散步/休息节点
环亚广场(新街口店)地下停车场-入口,出入口;停车场出入口,新街口 广场,南京市秦淮区石鼓路33号,557,32.045113,118.788209,,待确认,低,百度地图 Place API + 轻量关键词规则,开放空间或街区类 POI，需人工确认携宠规则,小型犬/中型犬,开放空间,中,中,携宠规则需出发前确认；高峰期人流较大，建议全程牵引并避开 16:00-18:00,出发前确认,散步/休息节点
森峪电子烟(环亚广场新街口店),购物;商铺,新街口 广场,石鼓路33号环亚广场新街口店F1层,566,32.044948,118.788521,,待确认,低,百度地图 Place API + 轻量关键词规则,开放空间或街区类 POI，需人工确认携宠规则,小型犬/中型犬,开放空间,中,中,携宠规则需出发前确认；高峰期人流较大，建议全程牵引并避开 16:00-18:00,出发前确认,散步/休息节点
南京德基广场一期,购物;购物中心,新街口 广场,中山路18号(新街口地铁站7号口旁),1109,32.049331,118.791398,4008289598,待确认,低,百度地图 Place API + 轻量关键词规则,开放空间或街区类 POI，需人工确认携宠规则,待确认,室内/商场,高,中,携宠规则需出发前确认；高峰期人流较大，建议全程牵引并避开 16:00-18:00；室内区域是否允许携宠需确认,出发前确认,候选节点
格耐国际美容·途博汽车养护中心(新街口苏宁生活广场店),汽车服务;汽车美容,新街口 广场,淮海路88号苏宁生活广场负二层319320车位,863,32.043528,118.792941,,待确认,低,百度地图 Place API + 轻量关键词规则,开放空间或街区类 POI，需人工确认携宠规则,小型犬/中型犬,开放空间,中,中,携宠规则需出发前确认；高峰期人流较大，建议全程牵引并避开 16:00-18:00,出发前确认,散步/休息节点
文润酒店(南京新街口德基广场店),酒店,新街口 广场,新街口华侨路33号 (房产局隔壁),1235,32.052246,118.787415,(025)84714899,待确认,低,百度地图 Place API + 轻量关键词规则,开放空间或街区类 POI，需人工确认携宠规则,小型犬/中型犬,开放空间,中,中,携宠规则需出发前确认；高峰期人流较大，建议全程牵引并避开 16:00-18:00,出发前确认,散步/休息节点
和光·ALIENSPACE外星人电竞酒店(南京新街口德基广场店),酒店;其他,新街口 广场,华侨路81-5号,1238,32.052637,118.78401,15335196197,待确认,低,百度地图 Place API + 轻量关键词规则,开放空间或街区类 POI，需人工确认携宠规则,小型犬/中型犬,开放空间,中,中,携宠规则需出发前确认；高峰期人流较大，建议全程牵引并避开 16:00-18:00,出发前确认,散步/休息节点
德基广场-二期,购物;购物中心,新街口 广场,江苏省南京市玄武区中山路18号,1236,32.050868,118.791176,(025)84788888,待确认,低,百度地图 Place API + 轻量关键词规则,开放空间或街区类 POI，需人工确认携宠规则,待确认,室内/商场,高,中,携宠规则需出发前确认；高峰期人流较大，建议全程牵引并避开 16:00-18:00；室内区域是否允许携宠需确认,出发前确认,候选节点
德基广场,购物;购物中心,新街口 广场,南京市玄武区新街口街道长江路社区中山路18号,1210,32.050325,118.791624,4008289598,待确认,低,百度地图 Place API + 轻量关键词规则,开放空间或街区类 POI，需人工确认携宠规则,待确认,室内/商场,高,中,携宠规则需出发前确认；高峰期人流较大，建议全程牵引并避开 16:00-18:00；室内区域是否允许携宠需确认,出发前确认,候选节点
德龙咖啡机(苏宁生活广场新街口店),购物;家电数码,新街口 广场,南京市秦淮区淮海路苏宁易购二楼,888,32.043323,118.793277,,待确认,低,百度地图 Place API + 轻量关键词规则,开放空间或街区类 POI，需人工确认携宠规则,小型犬/中型犬,开放空间,中,中,携宠规则需出发前确认；高峰期人流较大，建议全程牵引并避开 16:00-18:00,出发前确认,散步/休息节点
新街口悦荟(原万达)广场献血屋,医疗,新街口 广场,南京市秦淮区洪武路新街口悦荟(原万达)广场,950,32.044102,118.793705,,待确认,低,百度地图 Place API + 轻量关键词规则,开放空间或街区类 POI，需人工确认携宠规则,小型犬/中型犬,开放空间,中,中,携宠规则需出发前确认；高峰期人流较大，建议全程牵引并避开 16:00-18:00,出发前确认,散步/休息节点
南京中山大厦(新街口德基广场店)-停车场,交通设施;停车场,新街口 广场,南京市玄武区珠江路4号,1789,32.056239,118.791723,,待确认,低,百度地图 Place API + 轻量关键词规则,开放空间或街区类 POI，需人工确认携宠规则,小型犬/中型犬,开放空间,中,中,携宠规则需出发前确认；高峰期人流较大，建议全程牵引并避开 16:00-18:00,出发前确认,散步/休息节点
老板(新街口苏宁生活广场店),购物;家居建材,新街口 广场,淮海路68号苏宁生活广场1楼苏宁易购(南京新街口店)F5,850,32.04329,118.792873,(025)95105855,待确认,低,百度地图 Place API + 轻量关键词规则,开放空间或街区类 POI，需人工确认携宠规则,小型犬/中型犬,开放空间,中,中,携宠规则需出发前确认；高峰期人流较大，建议全程牵引并避开 16:00-18:00,出发前确认,散步/休息节点
九牧王男装(新街口金鹰国际广场店),购物;商铺,新街口 广场,汉中路89号金鹰新街口店A座6楼6013,765,32.047922,118.787014,(025)83130572,待确认,低,百度地图 Place API + 轻量关键词规则,开放空间或街区类 POI，需人工确认携宠规则,小型犬/中型犬,开放空间,中,中,携宠规则需出发前确认；高峰期人流较大，建议全程牵引并避开 16:00-18:00,出发前确认,散步/休息节点
温莎KTV·24K(新街口店),休闲娱乐;ktv,新街口 广场,江苏省南京市秦淮区中山南路49号商茂世纪广场3层3001室,827,32.046171,118.790934,,待确认,低,百度地图 Place API + 轻量关键词规则,开放空间或街区类 POI，需人工确认携宠规则,待确认,待确认,高,中,携宠规则需出发前确认；高峰期人流较大，建议全程牵引并避开 16:00-18:00,出发前确认,候选节点
苏宁生活广场(新街口店)-东门,出入口;门,新街口 广场,南京市秦淮区龙淮海路68号苏宁生活广场F1,907,32.043328,118.793484,,待确认,低,百度地图 Place API + 轻量关键词规则,开放空间或街区类 POI，需人工确认携宠规则,小型犬/中型犬,开放空间,中,中,携宠规则需出发前确认；高峰期人流较大，建议全程牵引并避开 16:00-18:00,出发前确认,散步/休息节点
斯亚·置地广场,房地产;写字楼,新街口 广场,南京市玄武区洪武北路55号,1330,32.049825,118.794235,,待确认,低,百度地图 Place API + 轻量关键词规则,开放空间或街区类 POI，需人工确认携宠规则,小型犬/中型犬,开放空间,中,中,携宠规则需出发前确认；高峰期人流较大，建议全程牵引并避开 16:00-18:00,出发前确认,散步/休息节点
妖无二·和牛烧烤自助(新街口店),美食;其他,新街口 广场,淮海路88号苏宁生活广场6楼,863,32.043252,118.793025,18061459858,待确认,低,百度地图 Place API + 轻量关键词规则,开放空间或街区类 POI，需人工确认携宠规则,待确认,待确认,高,中,携宠规则需出发前确认；高峰期人流较大，建议全程牵引并避开 16:00-18:00,出发前确认,候选节点
鼓楼·荔枝广场,购物;购物中心,新街口 广场,南京市玄武区北京东路4号,2598,32.063778,118.792423,(025)87722056,待确认,低,百度地图 Place API + 轻量关键词规则,开放空间或街区类 POI，需人工确认携宠规则,待确认,室内/商场,高,中,携宠规则需出发前确认；高峰期人流较大，建议全程牵引并避开 16:00-18:00；室内区域是否允许携宠需确认,出发前确认,候选节点
苏宁生活广场(新街口店)-北门,出入口;门,新街口 广场,南京市秦淮区龙淮海路68号苏宁生活广场F1,866,32.043437,118.793008,,待确认,低,百度地图 Place API + 轻量关键词规则,开放空间或街区类 POI，需人工确认携宠规则,小型犬/中型犬,开放空间,中,中,携宠规则需出发前确认；高峰期人流较大，建议全程牵引并避开 16:00-18:00,出发前确认,散步/休息节点
南京凯润5号酒店公寓(新街口德基广场店),酒店;公寓式酒店,新街口 广场,"中山路132号凯润金城5栋, 接待处在北大堂6楼606房间",1566,32.054283,118.791098,"(025)81515122,13675134588,15895876656",待确认,低,百度地图 Place API + 轻量关键词规则,开放空间或街区类 POI，需人工确认携宠规则,小型犬/中型犬,开放空间,中,中,携宠规则需出发前确认；高峰期人流较大，建议全程牵引并避开 16:00-18:00,出发前确认,散步/休息节点
苏宁生活广场(新街口店)-东1门,出入口;门,新街口 广场,南京市秦淮区淮海路68号苏宁易购F1,899,32.04335,118.793392,,待确认,低,百度地图 Place API + 轻量关键词规则,开放空间或街区类 POI，需人工确认携宠规则,小型犬/中型犬,开放空间,中,中,携宠规则需出发前确认；高峰期人流较大，建议全程牵引并避开 16:00-18:00,出发前确认,散步/休息节点
南京中山大厦(新街口德基广场店)停车场-出入口,出入口;停车场出入口,新街口 广场,南京市玄武区珠江路2、4号,1789,32.056252,118.791685,,待确认,低,百度地图 Place API + 轻量关键词规则,开放空间或街区类 POI，需人工确认携宠规则,小型犬/中型犬,开放空间,中,中,携宠规则需出发前确认；高峰期人流较大，建议全程牵引并避开 16:00-18:00,出发前确认,散步/休息节点
华利广场,购物;其他,新街口 广场,珠江路67号,1911,32.05685,118.793233,15062229998,待确认,低,百度地图 Place API + 轻量关键词规则,开放空间或街区类 POI，需人工确认携宠规则,小型犬/中型犬,开放空间,中,中,携宠规则需出发前确认；高峰期人流较大，建议全程牵引并避开 16:00-18:00,出发前确认,散步/休息节点
越时空通信广场,购物;家电数码,新街口 广场,丹凤街(近木马公寓),2081,32.058209,118.794048,,待确认,低,百度地图 Place API + 轻量关键词规则,开放空间或街区类 POI，需人工确认携宠规则,小型犬/中型犬,开放空间,中,中,携宠规则需出发前确认；高峰期人流较大，建议全程牵引并避开 16:00-18:00,出发前确认,散步/休息节点
都市馨家民宿(新街口步行街店),酒店;民宿,新街口 步行街,江苏省南京市秦淮区石鼓路36号,635,32.045668,118.788707,17705173679,待确认,低,百度地图 Place API + 轻量关键词规则,未命中明确宠物友好证据,小型犬/中型犬,商业街区,高,中,携宠规则需出发前确认；高峰期人流较大，建议全程牵引并避开 16:00-18:00,出发前确认,散步/休息节点
新街口步行街/正洪街(路口),道路;路口,新街口 步行街,南京市秦淮区新街口步行街,890,32.046043,118.79188,,待确认,低,百度地图 Place API + 轻量关键词规则,未命中明确宠物友好证据,小型犬/中型犬,商业街区,高,中,携宠规则需出发前确认；高峰期人流较大，建议全程牵引并避开 16:00-18:00,出发前确认,散步/休息节点
如家商旅酒店(南京新街口地铁站洪武路步行街店),酒店,新街口 步行街,洪武路50号7楼,977,32.045089,118.793562,(025)57058899,待确认,低,百度地图 Place API + 轻量关键词规则,未命中明确宠物友好证据,小型犬/中型犬,商业街区,高,中,携宠规则需出发前确认；高峰期人流较大，建议全程牵引并避开 16:00-18:00,出发前确认,散步/休息节点
水之惠鲜鱼料理(王府大街店),美食;外国餐厅,新街口 步行街,王府大街18号（地铁1/2号线新街口站20号出口步行350m）,499,32.045638,118.786165,(025)84217517,待确认,低,百度地图 Place API + 轻量关键词规则,未命中明确宠物友好证据,待确认,待确认,高,中,携宠规则需出发前确认；高峰期人流较大，建议全程牵引并避开 16:00-18:00,出发前确认,候选节点
中央商场(新街口商业步行区店)-地下停车场,交通设施;停车场,新街口 步行街,南京市秦淮区正洪街61号,828,32.044853,118.791947,,待确认,低,百度地图 Place API + 轻量关键词规则,未命中明确宠物友好证据,待确认,室内/商场,高,中,携宠规则需出发前确认；高峰期人流较大，建议全程牵引并避开 16:00-18:00；室内区域是否允许携宠需确认,出发前确认,候选节点
如家商旅酒店(南京新街口地铁站店),酒店,新街口 步行街,新街口羊皮巷24号,713,32.043245,118.791389,(025)85899922,待确认,低,百度地图 Place API + 轻量关键词规则,未命中明确宠物友好证据,待确认,待确认,高,中,携宠规则需出发前确认；高峰期人流较大，建议全程牵引并避开 16:00-18:00,出发前确认,候选节点
中央商场(新街口商业步行区店)-洗手间,生活服务;公共厕所,新街口 步行街,南京市秦淮区中山南路79号(近正洪街),734,32.044513,118.791034,,待确认,低,百度地图 Place API + 轻量关键词规则,未命中明确宠物友好证据,待确认,室内/商场,高,中,携宠规则需出发前确认；高峰期人流较大，建议全程牵引并避开 16:00-18:00；室内区域是否允许携宠需确认,出发前确认,候选节点
报喜鸟(中央商场店),购物;商铺,新街口 步行街,中山南路79号(近正洪街)中央商场F4层,764,32.044501,118.791393,"(025)52626581,(025)84718288",待确认,低,百度地图 Place API + 轻量关键词规则,未命中明确宠物友好证据,待确认,室内/商场,高,中,携宠规则需出发前确认；高峰期人流较大，建议全程牵引并避开 16:00-18:00；室内区域是否允许携宠需确认,出发前确认,候选节点
Bata(中央商务楼店),购物;商铺,新街口 步行街,中山南路79号中央商场2楼,861,32.04556,118.791882,(025)84722430,待确认,低,百度地图 Place API + 轻量关键词规则,未命中明确宠物友好证据,待确认,待确认,高,中,携宠规则需出发前确认；高峰期人流较大，建议全程牵引并避开 16:00-18:00,出发前确认,候选节点
新街口商业步行区/正洪街(路口),道路;路口,新街口 步行街,南京市秦淮区正洪街,890,32.046043,118.79188,,待确认,低,百度地图 Place API + 轻量关键词规则,未命中明确宠物友好证据,待确认,待确认,高,中,携宠规则需出发前确认；高峰期人流较大，建议全程牵引并避开 16:00-18:00,出发前确认,候选节点
中央商务楼,房地产;写字楼,新街口 步行街,江苏省南京市秦淮区正洪街61号(新街口地铁站12号口步行220米),915,32.04574,118.792428,,待确认,低,百度地图 Place API + 轻量关键词规则,未命中明确宠物友好证据,待确认,待确认,高,中,携宠规则需出发前确认；高峰期人流较大，建议全程牵引并避开 16:00-18:00,出发前确认,候选节点
肯定·观美酒店(南京新街口金融中心中央商场店),酒店,新街口 步行街,中山东路56号,1133,32.047123,118.794125,"(025)84709618,15850718236",待确认,低,百度地图 Place API + 轻量关键词规则,未命中明确宠物友好证据,待确认,室内/商场,高,中,携宠规则需出发前确认；高峰期人流较大，建议全程牵引并避开 16:00-18:00；室内区域是否允许携宠需确认,出发前确认,候选节点
人社社保就业服务窗口(秦淮区五老村街道新街口商业街社区),政府机构,新街口 步行街,游府西街45-1号,1303,32.044308,118.79753,,待确认,低,百度地图 Place API + 轻量关键词规则,开放空间或街区类 POI，需人工确认携宠规则,小型犬/中型犬,商业街区,高,中,携宠规则需出发前确认；高峰期人流较大，建议全程牵引并避开 16:00-18:00,出发前确认,散步/休息节点
大如意彩票专营店(石鼓路店),生活服务;彩票销售点,新街口 步行街,石鼓路71-4号(新街口地铁站21号口步行390米),535,32.046058,118.78592,,待确认,低,百度地图 Place API + 轻量关键词规则,未命中明确宠物友好证据,待确认,待确认,高,中,携宠规则需出发前确认；高峰期人流较大，建议全程牵引并避开 16:00-18:00,出发前确认,候选节点
SHISEIDO资生堂(中央商场店),购物;商铺,新街口 步行街,中山南路79号(近正洪街)中央商场(新街口店)F1中央商场F7层,783,32.04477,118.791461,4008216076,待确认,低,百度地图 Place API + 轻量关键词规则,未命中明确宠物友好证据,待确认,室内/商场,高,中,携宠规则需出发前确认；高峰期人流较大，建议全程牵引并避开 16:00-18:00；室内区域是否允许携宠需确认,出发前确认,候选节点
羲和商业广场,购物;其他,新街口 步行街,中山路286号(珠江路地铁站3号口步行440米),2292,32.061023,118.791922,,待确认,低,百度地图 Place API + 轻量关键词规则,开放空间或街区类 POI，需人工确认携宠规则,小型犬/中型犬,开放空间,中,中,携宠规则需出发前确认；高峰期人流较大，建议全程牵引并避开 16:00-18:00,出发前确认,散步/休息节点
同仁电讯,购物;家电数码,新街口 步行街,鱼市街57号(珠江路地铁站4号口步行350米),1984,32.057529,118.793356,(025)57715935,待确认,低,百度地图 Place API + 轻量关键词规则,未命中明确宠物友好证据,待确认,待确认,高,中,携宠规则需出发前确认；高峰期人流较大，建议全程牵引并避开 16:00-18:00,出发前确认,候选节点
MONTAGUT梦特娇(新街口商业步行区中央商场店),购物;商铺,新街口 步行街,中山南路79号（近正洪街)中央商场F2层,860,32.045221,118.79211,(025)52336585,待确认,低,百度地图 Place API + 轻量关键词规则,未命中明确宠物友好证据,待确认,室内/商场,高,中,携宠规则需出发前确认；高峰期人流较大，建议全程牵引并避开 16:00-18:00；室内区域是否允许携宠需确认,出发前确认,候选节点
静听石语(新街口商业步行区中央商场店),购物;商铺,新街口 步行街,中山南路79号(近正洪街)中央商场F2层,840,32.045074,118.791963,(025)57798730,待确认,低,百度地图 Place API + 轻量关键词规则,未命中明确宠物友好证据,待确认,室内/商场,高,中,携宠规则需出发前确认；高峰期人流较大，建议全程牵引并避开 16:00-18:00；室内区域是否允许携宠需确认,出发前确认,候选节点
木马公寓(丹凤街店),酒店;公寓式酒店,新街口 步行街,江苏省南京市玄武区丹凤街卫巷1号(珠江路地铁站3号口步行410米),2069,32.057933,118.794397,18261289192,待确认,低,百度地图 Place API + 轻量关键词规则,未命中明确宠物友好证据,待确认,待确认,高,中,携宠规则需出发前确认；高峰期人流较大，建议全程牵引并避开 16:00-18:00,出发前确认,候选节点
吉兆花园,房地产;住宅区,新街口 步行街,南京市玄武区唱经楼西街59号（珠江路地铁站3号口步行200米）,2081,32.058925,118.792168,,待确认,低,百度地图 Place API + 轻量关键词规则,未命中明确宠物友好证据,待确认,待确认,高,中,携宠规则需出发前确认；高峰期人流较大，建议全程牵引并避开 16:00-18:00,出发前确认,候选节点
鱼市街小区,房地产;住宅区,新街口 步行街,江苏省南京市玄武区珠江路2-21号(珠江路地铁站4号口步行400米),1982,32.056978,118.794542,,待确认,低,百度地图 Place API + 轻量关键词规则,未命中明确宠物友好证据,待确认,待确认,高,中,携宠规则需出发前确认；高峰期人流较大，建议全程牵引并避开 16:00-18:00,出发前确认,候选节点
成贤大厦,房地产;写字楼,新街口 步行街,江苏省南京市玄武区成贤街50号(浮桥地铁站1号口步行110米),2356,32.056257,118.80204,,待确认,低,百度地图 Place API + 轻量关键词规则,未命中明确宠物友好证据,待确认,待确认,高,中,携宠规则需出发前确认；高峰期人流较大，建议全程牵引并避开 16:00-18:00,出发前确认,候选节点
成贤公寓,房地产;住宅区,新街口 步行街,南京市玄武区成贤街39号(浮桥地铁站2号口步行210米),2269,32.056084,118.800949,,待确认,低,百度地图 Place API + 轻量关键词规则,未命中明确宠物友好证据,待确认,待确认,高,中,携宠规则需出发前确认；高峰期人流较大，建议全程牵引并避开 16:00-18:00,出发前确认,候选节点
珠江大厦,房地产;写字楼,新街口 步行街,南京市玄武珠江路280号(浮桥地铁站2号口步行390米),2058,32.055231,118.798757,(025)83209798,待确认,低,百度地图 Place API + 轻量关键词规则,未命中明确宠物友好证据,待确认,待确认,高,中,携宠规则需出发前确认；高峰期人流较大，建议全程牵引并避开 16:00-18:00,出发前确认,候选节点
中共南京市秦淮区五老村街道新街口商业街社区党委委员会,政府机构;党派团体,新街口 步行街,南京市秦淮区双塘巷与游府西街交叉口南50米,1297,32.044296,118.797468,,待确认,低,百度地图 Place API + 轻量关键词规则,开放空间或街区类 POI，需人工确认携宠规则,小型犬/中型犬,商业街区,高,中,携宠规则需出发前确认；高峰期人流较大，建议全程牵引并避开 16:00-18:00,出发前确认,散步/休息节点
双龙巷通信市场,购物;家电数码,新街口 步行街,双龙巷一号通信市场(鼓楼地铁站1号口步行470米),2506,32.062814,118.792749,(025)68909798,待确认,低,百度地图 Place API + 轻量关键词规则,未命中明确宠物友好证据,待确认,待确认,高,中,携宠规则需出发前确认；高峰期人流较大，建议全程牵引并避开 16:00-18:00,出发前确认,候选节点
棒棰岛海参(新街口店),购物;商铺,新街口 步行街,太平南路236号-2（常府街地铁站4号口步行90米）,1409,32.041225,118.799053,"(025)86601858,18112903118",待确认,低,百度地图 Place API + 轻量关键词规则,未命中明确宠物友好证据,待确认,待确认,高,中,携宠规则需出发前确认；高峰期人流较大，建议全程牵引并避开 16:00-18:00,出发前确认,候选节点
同仁新寓,房地产;住宅区,新街口 步行街,江苏省南京市玄武区鱼市街57号(珠江路地铁站3号口步行350米),2008,32.057804,118.793264,,待确认,低,百度地图 Place API + 轻量关键词规则,未命中明确宠物友好证据,待确认,待确认,高,中,携宠规则需出发前确认；高峰期人流较大，建议全程牵引并避开 16:00-18:00,出发前确认,候选节点
双井巷九号小区,房地产;住宅区,新街口 步行街,南京市玄武区双井巷9号(浮桥地铁站1号口步行420米),2343,32.05776,118.79992,,待确认,低,百度地图 Place API + 轻量关键词规则,未命中明确宠物友好证据,待确认,待确认,高,中,携宠规则需出发前确认；高峰期人流较大，建议全程牵引并避开 16:00-18:00,出发前确认,候选节点
银鸿商务中心,房地产;写字楼,新街口 步行街,南京市玄武珠江路350号(浮桥地铁站2号口步行150米),2132,32.054824,118.800376,,待确认,低,百度地图 Place API + 轻量关键词规则,未命中明确宠物友好证据,待确认,待确认,高,中,携宠规则需出发前确认；高峰期人流较大，建议全程牵引并避开 16:00-18:00,出发前确认,候选节点
德融1913私人制艺术街区(洪武北路店),购物;其他,新街口 步行街,洪武北路129号,1634,32.052826,118.795152,,待确认,低,百度地图 Place API + 轻量关键词规则,未命中明确宠物友好证据,小型犬/中型犬,商业街区,高,中,携宠规则需出发前确认；高峰期人流较大，建议全程牵引并避开 16:00-18:00,出发前确认,散步/休息节点
金鹰国际购物中心(新街口店),购物;购物中心,新街口 商场,汉中路89号,702,32.047573,118.786169,(025)84708899,待确认,低,百度地图 Place API + 轻量关键词规则,未命中明确宠物友好证据,待确认,室内/商场,高,中,携宠规则需出发前确认；高峰期人流较大，建议全程牵引并避开 16:00-18:00；室内区域是否允许携宠需确认,出发前确认,候选节点
金鹰国际购物中心A座(新街口店),购物,新街口 商场,江苏省南京市秦淮区汉中路89号,726,32.047552,118.786991,(025)84708899,待确认,低,百度地图 Place API + 轻量关键词规则,未命中明确宠物友好证据,待确认,室内/商场,高,中,携宠规则需出发前确认；高峰期人流较大，建议全程牵引并避开 16:00-18:00；室内区域是否允许携宠需确认,出发前确认,候选节点
GXG(中央商场新街口商业步行区店),购物;商铺,新街口 商场,中山南路79号中央商场4F,873,32.045096,118.792344,,待确认,低,百度地图 Place API + 轻量关键词规则,未命中明确宠物友好证据,待确认,室内/商场,高,中,携宠规则需出发前确认；高峰期人流较大，建议全程牵引并避开 16:00-18:00；室内区域是否允许携宠需确认,出发前确认,候选节点
学而思学习机(中央商场新街口店),购物;家电数码,新街口 商场,江苏省南京市秦淮区中山南路79号中央商场F3,860,32.045113,118.792169,,待确认,低,百度地图 Place API + 轻量关键词规则,未命中明确宠物友好证据,待确认,室内/商场,高,中,携宠规则需出发前确认；高峰期人流较大，建议全程牵引并避开 16:00-18:00；室内区域是否允许携宠需确认,出发前确认,候选节点
新世界百货(南京店),购物;购物中心,新街口 商场,江苏省南京市玄武区新街口街道北门桥社区珠江路88号(近丹凤街),1870,32.055678,118.794789,(025)84533666,待确认,低,百度地图 Place API + 轻量关键词规则,未命中明确宠物友好证据,待确认,室内/商场,高,中,携宠规则需出发前确认；高峰期人流较大，建议全程牵引并避开 16:00-18:00；室内区域是否允许携宠需确认,出发前确认,候选节点
盛时钟表维修(中央商场新街口商业步行区店),生活服务;维修点,新街口 商场,中山南路79号中央商场一楼欧米茄维修中心,844,32.044756,118.792194,,待确认,低,百度地图 Place API + 轻量关键词规则,未命中明确宠物友好证据,待确认,室内/商场,高,中,携宠规则需出发前确认；高峰期人流较大，建议全程牵引并避开 16:00-18:00；室内区域是否允许携宠需确认,出发前确认,候选节点
Calvin Tracy(中央商场新街口商业步行区店),购物;商铺,新街口 商场,江苏省南京市秦淮区中山南路79号中央商场F5,816,32.044558,118.791972,,待确认,低,百度地图 Place API + 轻量关键词规则,未命中明确宠物友好证据,待确认,室内/商场,高,中,携宠规则需出发前确认；高峰期人流较大，建议全程牵引并避开 16:00-18:00；室内区域是否允许携宠需确认,出发前确认,候选节点
Ordifen欧迪芬(中央商场新街口商业步行区店),购物;商铺,新街口 商场,江苏省南京市秦淮区中山南路79号中央商场F5,822,32.045112,118.791719,18001587876,待确认,低,百度地图 Place API + 轻量关键词规则,未命中明确宠物友好证据,待确认,室内/商场,高,中,携宠规则需出发前确认；高峰期人流较大，建议全程牵引并避开 16:00-18:00；室内区域是否允许携宠需确认,出发前确认,候选节点
乐町(中央商场),购物;商铺,新街口 商场,中山南路79号中央商场（南京中心店)F5层,853,32.044994,118.792166,(025)86281981,待确认,低,百度地图 Place API + 轻量关键词规则,未命中明确宠物友好证据,待确认,室内/商场,高,中,携宠规则需出发前确认；高峰期人流较大，建议全程牵引并避开 16:00-18:00；室内区域是否允许携宠需确认,出发前确认,候选节点
野纯(中央商场新街口商业步行区店),购物;商铺,新街口 商场,江苏省南京市秦淮区中山南路79号中央商场F3,767,32.044783,118.791267,,待确认,低,百度地图 Place API + 轻量关键词规则,未命中明确宠物友好证据,待确认,室内/商场,高,中,携宠规则需出发前确认；高峰期人流较大，建议全程牵引并避开 16:00-18:00；室内区域是否允许携宠需确认,出发前确认,候选节点
星·依凡(南京新百店),购物;商铺,新街口 商场,江苏省南京市秦淮区中山南路79号中央商场(新街口商业步行区店)F3,895,32.046763,118.791291,,待确认,低,百度地图 Place API + 轻量关键词规则,未命中明确宠物友好证据,待确认,待确认,高,中,携宠规则需出发前确认；高峰期人流较大，建议全程牵引并避开 16:00-18:00,出发前确认,候选节点
苏果好的便利店(南京新街口地铁站中央商场清沐·尚酒店店),购物;超市,新街口 商场,江苏省南京市秦淮区洪武路123~129号,1001,32.044327,118.794187,,待确认,低,百度地图 Place API + 轻量关键词规则,未命中明确宠物友好证据,待确认,室内/商场,高,中,携宠规则需出发前确认；高峰期人流较大，建议全程牵引并避开 16:00-18:00；室内区域是否允许携宠需确认,出发前确认,候选节点
海马体照相馆(南京新街口中央商场店),生活服务;照相馆,新街口 商场,中山南路79号中央商场3F-2111号铺,830,32.045024,118.791867,(025)86622135,待确认,低,百度地图 Place API + 轻量关键词规则,未命中明确宠物友好证据,待确认,室内/商场,高,中,携宠规则需出发前确认；高峰期人流较大，建议全程牵引并避开 16:00-18:00；室内区域是否允许携宠需确认,出发前确认,候选节点
全季酒店(南京新街口中央商场店),酒店,新街口 商场,淮海路金銮巷9号 (华盈大厦),783,32.043087,118.792202,"(025)83237799,17705153640",待确认,低,百度地图 Place API + 轻量关键词规则,未命中明确宠物友好证据,待确认,室内/商场,高,中,携宠规则需出发前确认；高峰期人流较大，建议全程牵引并避开 16:00-18:00；室内区域是否允许携宠需确认,出发前确认,候选节点
清沐·尚酒店(南京新街口地铁站中央商场店),酒店,新街口 商场,洪武路129号,1010,32.0444,118.794264,(025)89610588,待确认,低,百度地图 Place API + 轻量关键词规则,未命中明确宠物友好证据,待确认,室内/商场,高,中,携宠规则需出发前确认；高峰期人流较大，建议全程牵引并避开 16:00-18:00；室内区域是否允许携宠需确认,出发前确认,候选节点
OMEGA欧米茄(中央商场新街口商业步行区店),购物;商铺,新街口 商场,江苏省南京市秦淮区中山南路79号中央商场F1,817,32.044536,118.791998,(025)84711153,待确认,低,百度地图 Place API + 轻量关键词规则,未命中明确宠物友好证据,待确认,室内/商场,高,中,携宠规则需出发前确认；高峰期人流较大，建议全程牵引并避开 16:00-18:00；室内区域是否允许携宠需确认,出发前确认,候选节点
Avene雅漾(中央商场新街口中心店),购物;商铺,新街口 商场,中山南路79号中央商场一楼,855,32.044968,118.792201,4008203639,待确认,低,百度地图 Place API + 轻量关键词规则,未命中明确宠物友好证据,待确认,室内/商场,高,中,携宠规则需出发前确认；高峰期人流较大，建议全程牵引并避开 16:00-18:00；室内区域是否允许携宠需确认,出发前确认,候选节点
Mini Peace(中央商场新街口商业步行区店),购物;商铺,新街口 商场,江苏省南京市秦淮区中山南路79号中央商场F3,835,32.045509,118.791599,(025)84709608,待确认,低,百度地图 Place API + 轻量关键词规则,未命中明确宠物友好证据,待确认,室内/商场,高,中,携宠规则需出发前确认；高峰期人流较大，建议全程牵引并避开 16:00-18:00；室内区域是否允许携宠需确认,出发前确认,候选节点
歌锦(中央商场新街口商业步行区店),购物;商铺,新街口 商场,江苏省南京市秦淮区中山南路79号中央商场F3,804,32.044879,118.791647,,待确认,低,百度地图 Place API + 轻量关键词规则,未命中明确宠物友好证据,待确认,室内/商场,高,中,携宠规则需出发前确认；高峰期人流较大，建议全程牵引并避开 16:00-18:00；室内区域是否允许携宠需确认,出发前确认,候选节点
斯琴(中央商场新街口店),购物;商铺,新街口 商场,江苏省南京市秦淮区中山南路79号中央商场F3,819,32.044553,118.792016,13814522779,待确认,低,百度地图 Place API + 轻量关键词规则,未命中明确宠物友好证据,待确认,室内/商场,高,中,携宠规则需出发前确认；高峰期人流较大，建议全程牵引并避开 16:00-18:00；室内区域是否允许携宠需确认,出发前确认,候选节点
BIOTHERM碧欧泉(中央商场新街口商业步行区店),购物;商铺,新街口 商场,中山南路79号中央商场1F(新街口地铁站出入口旁),818,32.0451,118.791673,,待确认,低,百度地图 Place API + 轻量关键词规则,未命中明确宠物友好证据,待确认,室内/商场,高,中,携宠规则需出发前确认；高峰期人流较大，建议全程牵引并避开 16:00-18:00；室内区域是否允许携宠需确认,出发前确认,候选节点
boy专柜(中央商场新街口商业步行区店),购物;商铺,新街口 商场,江苏省南京市秦淮区中山南路79号中央商场(新街口商业步行区店)F6,869,32.046441,118.79125,,待确认,低,百度地图 Place API + 轻量关键词规则,未命中明确宠物友好证据,待确认,室内/商场,高,中,携宠规则需出发前确认；高峰期人流较大，建议全程牵引并避开 16:00-18:00；室内区域是否允许携宠需确认,出发前确认,候选节点
金鹰国际购物中心(新街口店)-地下停车场,交通设施;停车场,新街口 商场,南京市秦淮区汉中路金鹰中心,712,32.047588,118.786447,,待确认,低,百度地图 Place API + 轻量关键词规则,未命中明确宠物友好证据,待确认,室内/商场,高,中,携宠规则需出发前确认；高峰期人流较大，建议全程牵引并避开 16:00-18:00；室内区域是否允许携宠需确认,出发前确认,候选节点
PLAYBOY花花公子(中央商场新街口商业步行区店),购物;商铺,新街口 商场,江苏省南京市秦淮区中山南路79号中央商场F3,754,32.04459,118.791221,,待确认,低,百度地图 Place API + 轻量关键词规则,未命中明确宠物友好证据,待确认,室内/商场,高,中,携宠规则需出发前确认；高峰期人流较大，建议全程牵引并避开 16:00-18:00；室内区域是否允许携宠需确认,出发前确认,候选节点
象印(新街口商业步行区中央商场店),购物;商铺,新街口 商场,江苏省南京市秦淮区中山南路79号中央商场F7,841,32.044714,118.792181,,待确认,低,百度地图 Place API + 轻量关键词规则,未命中明确宠物友好证据,待确认,室内/商场,高,中,携宠规则需出发前确认；高峰期人流较大，建议全程牵引并避开 16:00-18:00；室内区域是否允许携宠需确认,出发前确认,候选节点
理肤泉(中央商场南京中心店),购物;商铺,新街口 商场,江苏省南京市秦淮区中山南路79号中央商场F1,787,32.044703,118.79155,(025)84738888,待确认,低,百度地图 Place API + 轻量关键词规则,未命中明确宠物友好证据,待确认,室内/商场,高,中,携宠规则需出发前确认；高峰期人流较大，建议全程牵引并避开 16:00-18:00；室内区域是否允许携宠需确认,出发前确认,候选节点
巴拉巴拉(中央商场店),购物;商铺,新街口 商场,江苏省南京市秦淮区中山南路79号中央商场F6,833,32.045038,118.791897,"(025)84718288,(025)84726765",待确认,低,百度地图 Place API + 轻量关键词规则,未命中明确宠物友好证据,待确认,室内/商场,高,中,携宠规则需出发前确认；高峰期人流较大，建议全程牵引并避开 16:00-18:00；室内区域是否允许携宠需确认,出发前确认,候选节点
曼妮芬(中央商场店),购物;商铺,新街口 商场,中山南路79号中央商场5楼,821,32.045127,118.791691,4008899925,待确认,低,百度地图 Place API + 轻量关键词规则,未命中明确宠物友好证据,待确认,室内/商场,高,中,携宠规则需出发前确认；高峰期人流较大，建议全程牵引并避开 16:00-18:00；室内区域是否允许携宠需确认,出发前确认,候选节点
DEMOISE(中央商场新街口商业步行区店),购物;商铺,新街口 商场,南京市秦淮区中山南路79号南京中央商场2层,718,32.044435,118.790892,,待确认,低,百度地图 Place API + 轻量关键词规则,未命中明确宠物友好证据,待确认,室内/商场,高,中,携宠规则需出发前确认；高峰期人流较大，建议全程牵引并避开 16:00-18:00；室内区域是否允许携宠需确认,出发前确认,候选节点
瑞士雷达表特约服务中心(中央商场新街口商业步行区店),生活服务;维修点,新街口 商场,江苏省南京市秦淮区中山南路79号中央商场F1,865,32.045038,118.792279,,待确认,低,百度地图 Place API + 轻量关键词规则,未命中明确宠物友好证据,待确认,室内/商场,高,中,携宠规则需出发前确认；高峰期人流较大，建议全程牵引并避开 16:00-18:00；室内区域是否允许携宠需确认,出发前确认,候选节点
南京中麦发型设计有限公司(新街口商业步行区中央商场店),丽人;美发,新街口 商场,南京市秦淮区中山南路79号7F3008,849,32.04513,118.792029,,待确认,低,百度地图 Place API + 轻量关键词规则,未命中明确宠物友好证据,待确认,室内/商场,高,中,携宠规则需出发前确认；高峰期人流较大，建议全程牵引并避开 16:00-18:00；室内区域是否允许携宠需确认,出发前确认,候选节点
PRADA普拉达(新街口金鹰国际购物中心店),购物;商铺,新街口 购物中心,汉中路89号金鹰国际购物中心F1,777,32.047975,118.787221,(025)82263097,待确认,低,百度地图 Place API + 轻量关键词规则,未命中明确宠物友好证据,待确认,室内/商场,高,中,携宠规则需出发前确认；高峰期人流较大，建议全程牵引并避开 16:00-18:00；室内区域是否允许携宠需确认,出发前确认,候选节点
BOCONER(新街口金鹰国际购物中心店),购物;商铺,新街口 购物中心,汉中路89号金鹰国际购物中心F3,703,32.047647,118.785846,(025)86723367,待确认,低,百度地图 Place API + 轻量关键词规则,未命中明确宠物友好证据,待确认,室内/商场,高,中,携宠规则需出发前确认；高峰期人流较大，建议全程牵引并避开 16:00-18:00；室内区域是否允许携宠需确认,出发前确认,候选节点
COACH蔻驰(金鹰国际购物中心新街口店),购物;商铺,新街口 购物中心,汉中路89号金鹰新街口店A座1楼1020,698,32.047287,118.786975,(025)84717258,待确认,低,百度地图 Place API + 轻量关键词规则,未命中明确宠物友好证据,待确认,室内/商场,高,中,携宠规则需出发前确认；高峰期人流较大，建议全程牵引并避开 16:00-18:00；室内区域是否允许携宠需确认,出发前确认,候选节点
Hush Puppies(新街口金鹰国际购物中心店),购物;商铺,新街口 购物中心,汉中路89号金鹰国际购物中心F4,698,32.047287,118.786971,13851866675,待确认,低,百度地图 Place API + 轻量关键词规则,未命中明确宠物友好证据,待确认,室内/商场,高,中,携宠规则需出发前确认；高峰期人流较大，建议全程牵引并避开 16:00-18:00；室内区域是否允许携宠需确认,出发前确认,候选节点
恩曼琳(金鹰国际购物中心新街口店),购物;商铺,新街口 购物中心,汉中路89号金鹰国际购物中心F2,706,32.047352,118.787026,,待确认,低,百度地图 Place API + 轻量关键词规则,未命中明确宠物友好证据,待确认,室内/商场,高,中,携宠规则需出发前确认；高峰期人流较大，建议全程牵引并避开 16:00-18:00；室内区域是否允许携宠需确认,出发前确认,候选节点
真美诗(金鹰国际购物中心新街口店),购物;商铺,新街口 购物中心,汉中路8号金轮国际广场1506室（金轮写字楼）,745,32.047777,118.786871,(025)84703252,待确认,低,百度地图 Place API + 轻量关键词规则,未命中明确宠物友好证据,待确认,室内/商场,高,中,携宠规则需出发前确认；高峰期人流较大，建议全程牵引并避开 16:00-18:00；室内区域是否允许携宠需确认,出发前确认,候选节点
科大讯飞授权店(金鹰国际购物中心新街口店),购物;家电数码,新街口 购物中心,南京市秦淮区汉中路89号B座5楼,717,32.047585,118.78663,17714347081,待确认,低,百度地图 Place API + 轻量关键词规则,未命中明确宠物友好证据,待确认,室内/商场,高,中,携宠规则需出发前确认；高峰期人流较大，建议全程牵引并避开 16:00-18:00；室内区域是否允许携宠需确认,出发前确认,候选节点
艾尚天地,购物;购物中心,新街口 购物中心,南京市玄武区中山路100号,1473,32.05331,118.79119,(025)68179666,待确认,低,百度地图 Place API + 轻量关键词规则,未命中明确宠物友好证据,待确认,室内/商场,高,中,携宠规则需出发前确认；高峰期人流较大，建议全程牵引并避开 16:00-18:00；室内区域是否允许携宠需确认,出发前确认,候选节点
樱花国际日语(金鹰国际购物中心新街口店),教育培训;培训机构,新街口 购物中心,江苏省南京市汉中路89号金鹰国际商城24层D座,703,32.047423,118.786733,021-61974923,待确认,低,百度地图 Place API + 轻量关键词规则,未命中明确宠物友好证据,待确认,室内/商场,高,中,携宠规则需出发前确认；高峰期人流较大，建议全程牵引并避开 16:00-18:00；室内区域是否允许携宠需确认,出发前确认,候选节点
儿童乐园(金鹰国际购物中心新街口店),休闲娱乐;游戏场所,新街口 购物中心,汉中路89号金鹰国际购物中心F6,683,32.047588,118.785108,,待确认,低,百度地图 Place API + 轻量关键词规则,未命中明确宠物友好证据,待确认,室内/商场,高,中,携宠规则需出发前确认；高峰期人流较大，建议全程牵引并避开 16:00-18:00；室内区域是否允许携宠需确认,出发前确认,候选节点
KOLON SPORT(新街口金鹰国际购物中心店),购物;商铺,新街口 购物中心,汉中路101号金鹰新街口店B座4楼4013,704,32.047657,118.78586,,待确认,低,百度地图 Place API + 轻量关键词规则,未命中明确宠物友好证据,待确认,室内/商场,高,中,携宠规则需出发前确认；高峰期人流较大，建议全程牵引并避开 16:00-18:00；室内区域是否允许携宠需确认,出发前确认,候选节点
惠谊(新街口金鹰国际购物中心店),购物,新街口 购物中心,汉中路101号金鹰新街口店B座7楼7087室,709,32.047805,118.785235,,待确认,低,百度地图 Place API + 轻量关键词规则,未命中明确宠物友好证据,待确认,室内/商场,高,中,携宠规则需出发前确认；高峰期人流较大，建议全程牵引并避开 16:00-18:00；室内区域是否允许携宠需确认,出发前确认,候选节点
Avene雅漾(新街口金鹰国际购物中心店),购物;商铺,新街口 购物中心,汉中路89号金鹰国际购物中心F2,703,32.047728,118.785418,(025)66920565,待确认,低,百度地图 Place API + 轻量关键词规则,未命中明确宠物友好证据,待确认,室内/商场,高,中,携宠规则需出发前确认；高峰期人流较大，建议全程牵引并避开 16:00-18:00；室内区域是否允许携宠需确认,出发前确认,候选节点
金鹰国际购物中心(珠江路店),购物;购物中心,新街口 购物中心,江苏省南京市玄武区珠江路1号,1871,32.057138,118.79145,(025)83609888,待确认,低,百度地图 Place API + 轻量关键词规则,未命中明确宠物友好证据,待确认,室内/商场,高,中,携宠规则需出发前确认；高峰期人流较大，建议全程牵引并避开 16:00-18:00；室内区域是否允许携宠需确认,出发前确认,候选节点
松下电器(金鹰国际购物中心新街口店),购物;家电数码,新街口 购物中心,汉中路89号金鹰国际购物中心F7,701,32.047633,118.785826,4008811315,待确认,低,百度地图 Place API + 轻量关键词规则,未命中明确宠物友好证据,待确认,室内/商场,高,中,携宠规则需出发前确认；高峰期人流较大，建议全程牵引并避开 16:00-18:00；室内区域是否允许携宠需确认,出发前确认,候选节点
RORO(新街口金鹰国际购物中心店),美食;其他,新街口 购物中心,汉中路89号金鹰国际购物中心F7,736,32.047709,118.786817,,待确认,低,百度地图 Place API + 轻量关键词规则,未命中明确宠物友好证据,待确认,室内/商场,高,中,携宠规则需出发前确认；高峰期人流较大，建议全程牵引并避开 16:00-18:00；室内区域是否允许携宠需确认,出发前确认,候选节点
LA CLOVER(新街口金鹰国际购物中心店),购物;商铺,新街口 购物中心,汉中路89号金鹰新街口店A座4楼4029,718,32.047626,118.786536,(025)84718101,待确认,低,百度地图 Place API + 轻量关键词规则,未命中明确宠物友好证据,待确认,室内/商场,高,中,携宠规则需出发前确认；高峰期人流较大，建议全程牵引并避开 16:00-18:00；室内区域是否允许携宠需确认,出发前确认,候选节点
ELEKTA(新街口金鹰国际购物中心店),购物;商铺,新街口 购物中心,汉中路101号金鹰新街口店B座2楼B-F2009,705,32.04764,118.785977,(025)57017856,待确认,低,百度地图 Place API + 轻量关键词规则,未命中明确宠物友好证据,待确认,室内/商场,高,中,携宠规则需出发前确认；高峰期人流较大，建议全程牵引并避开 16:00-18:00；室内区域是否允许携宠需确认,出发前确认,候选节点
汉盅补(金鹰国际购物中心新街口店),购物;商铺,新街口 购物中心,汉中路101号金鹰新街口店B座负1楼00618,709,32.047733,118.78569,"(025)68020808,13851928232",待确认,低,百度地图 Place API + 轻量关键词规则,未命中明确宠物友好证据,待确认,室内/商场,高,中,携宠规则需出发前确认；高峰期人流较大，建议全程牵引并避开 16:00-18:00；室内区域是否允许携宠需确认,出发前确认,候选节点
静听石语(新街口金鹰国际购物中心店),购物;商铺,新街口 购物中心,汉中路89号金鹰国际购物中心F3,711,32.047647,118.786208,(025)86509869,待确认,低,百度地图 Place API + 轻量关键词规则,未命中明确宠物友好证据,待确认,室内/商场,高,中,携宠规则需出发前确认；高峰期人流较大，建议全程牵引并避开 16:00-18:00；室内区域是否允许携宠需确认,出发前确认,候选节点
IQAir AURA(新街口金鹰国际购物中心店),购物;家电数码,新街口 购物中心,汉中路101号金鹰新街口店B座7楼00754,722,32.047801,118.78599,"(025)83115819,13951751430",待确认,低,百度地图 Place API + 轻量关键词规则,未命中明确宠物友好证据,待确认,室内/商场,高,中,携宠规则需出发前确认；高峰期人流较大，建议全程牵引并避开 16:00-18:00；室内区域是否允许携宠需确认,出发前确认,候选节点
III YIYINIKO(新街口金鹰国际购物中心店),购物;商铺,新街口 购物中心,汉中路89号金鹰国际购物中心F3,701,32.047592,118.786024,(025)52336653,待确认,低,百度地图 Place API + 轻量关键词规则,未命中明确宠物友好证据,待确认,室内/商场,高,中,携宠规则需出发前确认；高峰期人流较大，建议全程牵引并避开 16:00-18:00；室内区域是否允许携宠需确认,出发前确认,候选节点
IREMY艾瑞美时尚假发(新街口金鹰国际购物中心店),购物;商铺,新街口 购物中心,汉中路89号金鹰新街口店A座3楼3049,697,32.047232,118.787093,17314980363,待确认,低,百度地图 Place API + 轻量关键词规则,未命中明确宠物友好证据,待确认,室内/商场,高,中,携宠规则需出发前确认；高峰期人流较大，建议全程牵引并避开 16:00-18:00；室内区域是否允许携宠需确认,出发前确认,候选节点
SK-II(新街口金鹰国际购物中心店),购物;商铺,新街口 购物中心,汉中路89号金鹰国际购物中心F1,766,32.047855,118.787238,(025)84703517,待确认,低,百度地图 Place API + 轻量关键词规则,未命中明确宠物友好证据,待确认,室内/商场,高,中,携宠规则需出发前确认；高峰期人流较大，建议全程牵引并避开 16:00-18:00；室内区域是否允许携宠需确认,出发前确认,候选节点
金鹰国际购物中心A座(新街口店)-东南1门,出入口;门,新街口 购物中心,南京市秦淮区汉中路101号,653,32.046894,118.786846,,待确认,低,百度地图 Place API + 轻量关键词规则,未命中明确宠物友好证据,待确认,室内/商场,高,中,携宠规则需出发前确认；高峰期人流较大，建议全程牵引并避开 16:00-18:00；室内区域是否允许携宠需确认,出发前确认,候选节点
MARCH GINZA(新街口金鹰国际购物中心店),购物;商铺,新街口 购物中心,汉中路101号金鹰国际购物中心B座3楼,708,32.047784,118.785351,15720808786,待确认,低,百度地图 Place API + 轻量关键词规则,未命中明确宠物友好证据,待确认,室内/商场,高,中,携宠规则需出发前确认；高峰期人流较大，建议全程牵引并避开 16:00-18:00；室内区域是否允许携宠需确认,出发前确认,候选节点
泰格豪雅(金鹰国际购物中心新街口店),购物;商铺,新街口 购物中心,汉中路89号金鹰国际购物中心F1,703,32.04771,118.785534,,待确认,低,百度地图 Place API + 轻量关键词规则,未命中明确宠物友好证据,待确认,室内/商场,高,中,携宠规则需出发前确认；高峰期人流较大，建议全程牵引并避开 16:00-18:00；室内区域是否允许携宠需确认,出发前确认,候选节点
peki PARIS(新街口金鹰国际购物中心店),购物;商铺,新街口 购物中心,汉中路89号金鹰国际购物中心F3,712,32.047718,118.785928,18751892570,待确认,低,百度地图 Place API + 轻量关键词规则,未命中明确宠物友好证据,待确认,室内/商场,高,中,携宠规则需出发前确认；高峰期人流较大，建议全程牵引并避开 16:00-18:00；室内区域是否允许携宠需确认,出发前确认,候选节点
PLOY PAILIN普柏琳(新街口金鹰国际购物中心店),购物;商铺,新街口 购物中心,汉中路89号金鹰国际购物中心F1,741,32.047639,118.787183,(025)84791311,待确认,低,百度地图 Place API + 轻量关键词规则,未命中明确宠物友好证据,待确认,室内/商场,高,中,携宠规则需出发前确认；高峰期人流较大，建议全程牵引并避开 16:00-18:00；室内区域是否允许携宠需确认,出发前确认,候选节点
Aimer爱慕(新街口金鹰国际购物中心店),购物;商铺,新街口 购物中心,汉中路89号金鹰新街口店A座5楼5007,715,32.047448,118.787006,,待确认,低,百度地图 Place API + 轻量关键词规则,未命中明确宠物友好证据,待确认,室内/商场,高,中,携宠规则需出发前确认；高峰期人流较大，建议全程牵引并避开 16:00-18:00；室内区域是否允许携宠需确认,出发前确认,候选节点
LIZA CHENG(新街口金鹰国际购物中心店),购物;商铺,新街口 购物中心,汉中路89号金鹰国际购物中心F4,711,32.047503,118.786707,13675167748,待确认,低,百度地图 Place API + 轻量关键词规则,未命中明确宠物友好证据,待确认,室内/商场,高,中,携宠规则需出发前确认；高峰期人流较大，建议全程牵引并避开 16:00-18:00；室内区域是否允许携宠需确认,出发前确认,候选节点
小熊主题生活馆(金鹰国际购物中心新街口店),购物;商铺,新街口 购物中心,汉中路89号金鹰世界B座6楼,706,32.047772,118.785288,,待确认,低,百度地图 Place API + 轻量关键词规则,未命中明确宠物友好证据,待确认,室内/商场,高,中,携宠规则需出发前确认；高峰期人流较大，建议全程牵引并避开 16:00-18:00；室内区域是否允许携宠需确认,出发前确认,候选节点
CARA BLUE(新街口金鹰国际购物中心店),购物;商铺,新街口 购物中心,汉中路89号金鹰国际购物中心F3,725,32.047892,118.78562,,待确认,低,百度地图 Place API + 轻量关键词规则,未命中明确宠物友好证据,待确认,室内/商场,高,中,携宠规则需出发前确认；高峰期人流较大，建议全程牵引并避开 16:00-18:00；室内区域是否允许携宠需确认,出发前确认,候选节点
京东五星电器(新街口无界零售超级旗舰店)-北门,出入口;门,新街口 商业街,南京市秦淮区新街口步行街与洪武路交叉口西50米,981,32.045587,118.793334,,待确认,低,百度地图 Place API + 轻量关键词规则,开放空间或街区类 POI，需人工确认携宠规则,待确认,待确认,高,中,携宠规则需出发前确认；高峰期人流较大，建议全程牵引并避开 16:00-18:00,出发前确认,候选节点
羲和商业街区(羲和商业广场店),购物;其他,新街口 商业街,江苏省南京市玄武区中山路286号商业街区2区,2289,32.061083,118.79162,,待确认,低,百度地图 Place API + 轻量关键词规则,开放空间或街区类 POI，需人工确认携宠规则,小型犬/中型犬,开放空间,中,中,携宠规则需出发前确认；高峰期人流较大，建议全程牵引并避开 16:00-18:00,出发前确认,散步/休息节点
新街口店,美食;蛋糕甜品店,新街口 商业街,汉中路b座8负1楼,796,32.048379,118.786445,13851423573,待确认,低,百度地图 Place API + 轻量关键词规则,开放空间或街区类 POI，需人工确认携宠规则,待确认,待确认,高,中,携宠规则需出发前确认；高峰期人流较大，建议全程牵引并避开 16:00-18:00,出发前确认,候选节点
虎牌(新街口商业步行区中央商场店),购物;家电数码,新街口 商业街,江苏省南京市秦淮区中山南路79号中央商场F7,794,32.04478,118.791576,(025)86691899,待确认,低,百度地图 Place API + 轻量关键词规则,开放空间或街区类 POI，需人工确认携宠规则,待确认,室内/商场,高,中,携宠规则需出发前确认；高峰期人流较大，建议全程牵引并避开 16:00-18:00；室内区域是否允许携宠需确认,出发前确认,候选节点
GT无痕接发·羽毛接发(新街口店),丽人;美发,新街口 商业街,新街口步行街天丰大厦,913,32.045633,118.792476,,待确认,低,百度地图 Place API + 轻量关键词规则,开放空间或街区类 POI，需人工确认携宠规则,待确认,待确认,高,中,携宠规则需出发前确认；高峰期人流较大，建议全程牵引并避开 16:00-18:00,出发前确认,候选节点
南京新百摆摊点,购物;商铺,新街口 商业街,南京市秦淮区新街口步行街七星服饰新百,918,32.046475,118.79188,,待确认,低,百度地图 Place API + 轻量关键词规则,开放空间或街区类 POI，需人工确认携宠规则,待确认,待确认,高,中,携宠规则需出发前确认；高峰期人流较大，建议全程牵引并避开 16:00-18:00,出发前确认,候选节点
南京中心-东南门,出入口;门,新街口 商业街,南京市秦淮区中山东路与新街口步行街交叉口西南100米,993,32.047226,118.792186,,待确认,低,百度地图 Place API + 轻量关键词规则,开放空间或街区类 POI，需人工确认携宠规则,待确认,待确认,高,中,携宠规则需出发前确认；高峰期人流较大，建议全程牵引并避开 16:00-18:00,出发前确认,候选节点
蜜雪冰城(新街口户部街店),美食;其他,新街口 商业街,抄纸巷5号109室,939,32.042335,118.794018,13951732635,待确认,低,百度地图 Place API + 轻量关键词规则,开放空间或街区类 POI，需人工确认携宠规则,待确认,待确认,高,中,携宠规则需出发前确认；高峰期人流较大，建议全程牵引并避开 16:00-18:00,出发前确认,候选节点
Potato Corner(南京时尚莱迪店),美食;小吃快餐店,新街口 商业街,"新街口步行街时尚莱迪负二楼（新街口12号口,下去左手边 时尚莱迪入口）",862,32.046673,118.79092,17512532918,待确认,低,百度地图 Place API + 轻量关键词规则,开放空间或街区类 POI，需人工确认携宠规则,待确认,待确认,高,中,携宠规则需出发前确认；高峰期人流较大，建议全程牵引并避开 16:00-18:00,出发前确认,候选节点
女卫生间,生活服务;公共厕所,新街口 商业街,南京市秦淮区新街口步行街七星服饰新百,914,32.046956,118.791354,,待确认,低,百度地图 Place API + 轻量关键词规则,开放空间或街区类 POI，需人工确认携宠规则,待确认,待确认,高,中,携宠规则需出发前确认；高峰期人流较大，建议全程牵引并避开 16:00-18:00,出发前确认,候选节点
ise(新百店),购物;商铺,新街口 商业街,中山南路1号2F,889,32.047008,118.790937,,待确认,低,百度地图 Place API + 轻量关键词规则,开放空间或街区类 POI，需人工确认携宠规则,待确认,待确认,高,中,携宠规则需出发前确认；高峰期人流较大，建议全程牵引并避开 16:00-18:00,出发前确认,候选节点
柚丁(新街口商业步行区中央商场店),购物;商铺,新街口 商业街,江苏省南京市秦淮区中山南路79号中央商场F5,850,32.044827,118.79222,,待确认,低,百度地图 Place API + 轻量关键词规则,开放空间或街区类 POI，需人工确认携宠规则,待确认,室内/商场,高,中,携宠规则需出发前确认；高峰期人流较大，建议全程牵引并避开 16:00-18:00；室内区域是否允许携宠需确认,出发前确认,候选节点
玄武湖景区,旅游景点;其他,玄武湖 公园,南京市玄武区玄武巷1号,4392,32.076613,118.805436,"(025)58869797,(025)83614286",待确认,低,百度地图 Place API + 轻量关键词规则,开放空间或街区类 POI，需人工确认携宠规则,待确认,待确认,高,中,携宠规则需出发前确认；高峰期人流较大，建议全程牵引并避开 16:00-18:00,出发前确认,候选节点
玄武湖公园,交通设施;公交车站,玄武湖 公园,1路;25路;28路;30路;33路;35路;74路;Y1路夜间;Y2路夜间,4225,32.07911,118.790501,,待确认,低,百度地图 Place API + 轻量关键词规则,开放空间或街区类 POI，需人工确认携宠规则,小型犬/中型犬,开放空间,中,中,携宠规则需出发前确认；高峰期人流较大，建议全程牵引并避开 16:00-18:00,出发前确认,散步/休息节点
玄武湖景区-情侣园,旅游景点;公园,玄武湖 公园,江苏省南京市玄武区龙蟠路100号,4922,32.076765,118.815677,(025)83614286,待确认,低,百度地图 Place API + 轻量关键词规则,开放空间或街区类 POI，需人工确认携宠规则,小型犬/中型犬,开放空间,中,中,携宠规则需出发前确认；高峰期人流较大，建议全程牵引并避开 16:00-18:00,出发前确认,散步/休息节点
白马公园,旅游景点;公园,玄武湖 公园,江苏省南京市玄武区白马山庄1号,4633,32.066769,118.823191,(025)85408062,待确认,低,百度地图 Place API + 轻量关键词规则,开放空间或街区类 POI，需人工确认携宠规则,小型犬/中型犬,开放空间,中,中,携宠规则需出发前确认；高峰期人流较大，建议全程牵引并避开 16:00-18:00,出发前确认,散步/休息节点
麦当劳(玄武湖公园店),美食;小吃快餐店,玄武湖 公园,玄武巷1号玄武湖公园内,4585,32.080616,118.79951,4009200205,待确认,低,百度地图 Place API + 轻量关键词规则,开放空间或街区类 POI，需人工确认携宠规则,小型犬/中型犬,开放空间,中,中,携宠规则需出发前确认；高峰期人流较大，建议全程牵引并避开 16:00-18:00,出发前确认,散步/休息节点
南京城墙台城景区,旅游景点,玄武湖 公园,解放门8号,3795,32.067517,118.810163,(025)83217200,待确认,低,百度地图 Place API + 轻量关键词规则,开放空间或街区类 POI，需人工确认携宠规则,待确认,待确认,高,中,携宠规则需出发前确认；高峰期人流较大，建议全程牵引并避开 16:00-18:00,出发前确认,候选节点
玄武湖景区-玄武门,出入口;门,玄武湖 公园,江苏省南京市玄武区玄武巷,4036,32.076841,118.793883,(025)58869797,待确认,低,百度地图 Place API + 轻量关键词规则,开放空间或街区类 POI，需人工确认携宠规则,待确认,待确认,高,中,携宠规则需出发前确认；高峰期人流较大，建议全程牵引并避开 16:00-18:00,出发前确认,候选节点
玄武广场,休闲娱乐;休闲广场,玄武湖 公园,南京市玄武区玄武巷1号玄武湖公园内梁洲,4869,32.083327,118.799414,,待确认,低,百度地图 Place API + 轻量关键词规则,开放空间或街区类 POI，需人工确认携宠规则,小型犬/中型犬,开放空间,中,中,携宠规则需出发前确认；高峰期人流较大，建议全程牵引并避开 16:00-18:00,出发前确认,散步/休息节点
玄武湖景区情侣园-花卉园,旅游景点;植物园,玄武湖 公园,南京市玄武区环湖路89号,4894,32.075746,118.816728,,待确认,低,百度地图 Place API + 轻量关键词规则,开放空间或街区类 POI，需人工确认携宠规则,待确认,待确认,高,中,携宠规则需出发前确认；高峰期人流较大，建议全程牵引并避开 16:00-18:00,出发前确认,候选节点
玄武湖公园公共厕所,生活服务;公共厕所,玄武湖 公园,环湖路玄武湖景区内,4325,32.076363,118.804459,,待确认,低,百度地图 Place API + 轻量关键词规则,开放空间或街区类 POI，需人工确认携宠规则,小型犬/中型犬,开放空间,中,中,携宠规则需出发前确认；高峰期人流较大，建议全程牵引并避开 16:00-18:00,出发前确认,散步/休息节点
玄武湖公园-公共厕所,生活服务;公共厕所,玄武湖 公园,南京市玄武区玄武湖公园,4387,32.079013,118.798545,,待确认,低,百度地图 Place API + 轻量关键词规则,开放空间或街区类 POI，需人工确认携宠规则,小型犬/中型犬,开放空间,中,中,携宠规则需出发前确认；高峰期人流较大，建议全程牵引并避开 16:00-18:00,出发前确认,散步/休息节点
玄武湖景区-观光车售票处,生活服务;售票处,玄武湖 公园,玄武巷1号(近洞庭路)玄武湖公园内(西侧),4016,32.076553,118.794375,(025)83615961,待确认,低,百度地图 Place API + 轻量关键词规则,开放空间或街区类 POI，需人工确认携宠规则,待确认,待确认,高,中,携宠规则需出发前确认；高峰期人流较大，建议全程牵引并避开 16:00-18:00,出发前确认,候选节点
玄武湖公园-公共厕所,生活服务;公共厕所,玄武湖 公园,南京市玄武区环湖路玄武湖公园解放门东北侧约70米,3573,32.068938,118.803841,,待确认,低,百度地图 Place API + 轻量关键词规则,开放空间或街区类 POI，需人工确认携宠规则,小型犬/中型犬,开放空间,中,中,携宠规则需出发前确认；高峰期人流较大，建议全程牵引并避开 16:00-18:00,出发前确认,散步/休息节点
钟毓桥,旅游景点,玄武湖 公园,南京市玄武区玄武巷1号玄武湖,4633,32.073224,118.815977,,待确认,低,百度地图 Place API + 轻量关键词规则,开放空间或街区类 POI，需人工确认携宠规则,待确认,待确认,高,中,携宠规则需出发前确认；高峰期人流较大，建议全程牵引并避开 16:00-18:00,出发前确认,候选节点
阳光码头,交通设施;港口,玄武湖 公园,南京市玄武区龙蟠路100号(近玄武湖公园)玄武湖公园情侣园内,4632,32.071961,118.817628,(025)83614286,待确认,低,百度地图 Place API + 轻量关键词规则,开放空间或街区类 POI，需人工确认携宠规则,待确认,待确认,高,中,携宠规则需出发前确认；高峰期人流较大，建议全程牵引并避开 16:00-18:00,出发前确认,候选节点
樱洲,旅游景点,玄武湖 公园,南京市玄武区玄武巷1号玄武湖公园内,4355,32.078208,118.800215,,待确认,低,百度地图 Place API + 轻量关键词规则,开放空间或街区类 POI，需人工确认携宠规则,待确认,待确认,高,中,携宠规则需出发前确认；高峰期人流较大，建议全程牵引并避开 16:00-18:00,出发前确认,候选节点
玄武湖景区-观光车售票处,生活服务;售票处,玄武湖 公园,南京市玄武区玄武巷1号玄武湖公园内,3584,32.068956,118.80402,,待确认,低,百度地图 Place API + 轻量关键词规则,开放空间或街区类 POI，需人工确认携宠规则,待确认,待确认,高,中,携宠规则需出发前确认；高峰期人流较大，建议全程牵引并避开 16:00-18:00,出发前确认,候选节点
玄武湖探险乐园-检票处-出入口,出入口,玄武湖 公园,南京市玄武区龙蟠路情侣园2号门玄武湖探险乐园,4984,32.078347,118.814222,,待确认,低,百度地图 Place API + 轻量关键词规则,开放空间或街区类 POI，需人工确认携宠规则,待确认,待确认,高,中,携宠规则需出发前确认；高峰期人流较大，建议全程牵引并避开 16:00-18:00,出发前确认,候选节点
郑和公园,旅游景点;公园,玄武湖 公园,江苏省南京市秦淮区长太平巷35号,1635,32.03775,118.800876,(025)84419742,待确认,低,百度地图 Place API + 轻量关键词规则,开放空间或街区类 POI，需人工确认携宠规则,小型犬/中型犬,开放空间,中,中,携宠规则需出发前确认；高峰期人流较大，建议全程牵引并避开 16:00-18:00,出发前确认,散步/休息节点
玄武湖公园公共厕所,生活服务;公共厕所,玄武湖 公园,玄武湖公园环洲内,4105,32.075926,118.799833,,待确认,低,百度地图 Place API + 轻量关键词规则,开放空间或街区类 POI，需人工确认携宠规则,小型犬/中型犬,开放空间,中,中,携宠规则需出发前确认；高峰期人流较大，建议全程牵引并避开 16:00-18:00,出发前确认,散步/休息节点
玄武湖景区-游船售票处,生活服务;售票处,玄武湖 公园,南京市玄武区玄武巷1号玄武湖公园游船旁,3957,32.075952,118.794619,,待确认,低,百度地图 Place API + 轻量关键词规则,开放空间或街区类 POI，需人工确认携宠规则,待确认,待确认,高,中,携宠规则需出发前确认；高峰期人流较大，建议全程牵引并避开 16:00-18:00,出发前确认,候选节点
玄武湖公园宿舍,房地产;宿舍,玄武湖 公园,南京市玄武区北西家大塘36-38号,3480,32.07137,118.795135,,待确认,低,百度地图 Place API + 轻量关键词规则,开放空间或街区类 POI，需人工确认携宠规则,小型犬/中型犬,开放空间,中,中,携宠规则需出发前确认；高峰期人流较大，建议全程牵引并避开 16:00-18:00,出发前确认,散步/休息节点
玄武湖明梅,旅游景点,玄武湖 公园,南京市玄武区玄武巷1号玄武湖公园内梁洲,4927,32.083534,118.800646,,待确认,低,百度地图 Place API + 轻量关键词规则,开放空间或街区类 POI，需人工确认携宠规则,待确认,待确认,高,中,携宠规则需出发前确认；高峰期人流较大，建议全程牵引并避开 16:00-18:00,出发前确认,候选节点
玄武湖景区游船码头-售票处,生活服务;售票处,玄武湖 公园,南京市玄武区玄武巷1号玄武湖景区游船码头,4795,32.083887,118.793475,,待确认,低,百度地图 Place API + 轻量关键词规则,开放空间或街区类 POI，需人工确认携宠规则,待确认,待确认,高,中,携宠规则需出发前确认；高峰期人流较大，建议全程牵引并避开 16:00-18:00,出发前确认,候选节点
玄武湖公园-礓察古道,旅游景点,玄武湖 公园,南京市玄武区解放门8号明城墙台城景区内,3507,32.068608,118.80314,(025)83614286,待确认,低,百度地图 Place API + 轻量关键词规则,开放空间或街区类 POI，需人工确认携宠规则,小型犬/中型犬,开放空间,中,中,携宠规则需出发前确认；高峰期人流较大，建议全程牵引并避开 16:00-18:00,出发前确认,散步/休息节点
白马公园-南门,出入口;门,玄武湖 公园,南京市玄武区白马山庄1号,4346,32.065012,118.820946,,待确认,低,百度地图 Place API + 轻量关键词规则,开放空间或街区类 POI，需人工确认携宠规则,小型犬/中型犬,开放空间,中,中,携宠规则需出发前确认；高峰期人流较大，建议全程牵引并避开 16:00-18:00,出发前确认,散步/休息节点
玄武湖公园宿舍-宿舍西北门,出入口;门,玄武湖 公园,南京市玄武区北西家大塘36号-38号,3484,32.071472,118.794884,,待确认,低,百度地图 Place API + 轻量关键词规则,开放空间或街区类 POI，需人工确认携宠规则,小型犬/中型犬,开放空间,中,中,携宠规则需出发前确认；高峰期人流较大，建议全程牵引并避开 16:00-18:00,出发前确认,散步/休息节点
玄武湖景区-明月亭,旅游景点,玄武湖 公园,南京市玄武区玄武巷1号玄武湖公园内,3698,32.073153,118.796154,,待确认,低,百度地图 Place API + 轻量关键词规则,开放空间或街区类 POI，需人工确认携宠规则,待确认,待确认,高,中,携宠规则需出发前确认；高峰期人流较大，建议全程牵引并避开 16:00-18:00,出发前确认,候选节点
玄武湖公园-双耳炮,旅游景点,玄武湖 公园,南京市玄武区解放门8号明城墙台城景区内,3507,32.068387,118.803553,(025)83614286,待确认,低,百度地图 Place API + 轻量关键词规则,开放空间或街区类 POI，需人工确认携宠规则,小型犬/中型犬,开放空间,中,中,携宠规则需出发前确认；高峰期人流较大，建议全程牵引并避开 16:00-18:00,出发前确认,散步/休息节点
玄武湖公园情侣园-游船售票处,生活服务;售票处,玄武湖 公园,南京市玄武区龙蟠路100号玄武湖公园情侣园内,4901,32.077234,118.814557,,待确认,低,百度地图 Place API + 轻量关键词规则,开放空间或街区类 POI，需人工确认携宠规则,小型犬/中型犬,开放空间,中,中,携宠规则需出发前确认；高峰期人流较大，建议全程牵引并避开 16:00-18:00,出发前确认,散步/休息节点
玄武湖公园-解放门-接送点,交通设施;接送点,玄武湖 公园,南京市玄武区玄武湖公园-解放门附近,3512,32.068693,118.803067,,待确认,低,百度地图 Place API + 轻量关键词规则,开放空间或街区类 POI，需人工确认携宠规则,小型犬/中型犬,开放空间,中,中,携宠规则需出发前确认；高峰期人流较大，建议全程牵引并避开 16:00-18:00,出发前确认,散步/休息节点
提莫电竞酒店(南京玄武湖公园鼓楼吾悦广场店),酒店;其他,玄武湖 公园,狮子桥18号傣妹火锅4楼,3625,32.074101,118.78446,18913858989,待确认,低,百度地图 Place API + 轻量关键词规则,开放空间或街区类 POI，需人工确认携宠规则,小型犬/中型犬,开放空间,中,中,携宠规则需出发前确认；高峰期人流较大，建议全程牵引并避开 16:00-18:00,出发前确认,散步/休息节点
慢生活(玄武湖公园店),美食;咖啡厅,玄武湖 公园,环湖路玄武湖公园-情侣园,4843,32.074831,118.817183,,待确认,低,百度地图 Place API + 轻量关键词规则,开放空间或街区类 POI，需人工确认携宠规则,小型犬/中型犬,开放空间,中,中,携宠规则需出发前确认；高峰期人流较大，建议全程牵引并避开 16:00-18:00,出发前确认,散步/休息节点
晨町酒店(南京玄武湖公园店),酒店,玄武湖 公园,中央路70号1幢6楼,3637,32.07369,118.790968,(025)58006568,待确认,低,百度地图 Place API + 轻量关键词规则,开放空间或街区类 POI，需人工确认携宠规则,小型犬/中型犬,开放空间,中,中,携宠规则需出发前确认；高峰期人流较大，建议全程牵引并避开 16:00-18:00,出发前确认,散步/休息节点
南京大牌档(玄武湖金茂览秀城店),美食;中餐厅,玄武湖 公园,中央路201号金茂览秀城广场7楼（玄武湖景区玄武门地铁站2号口）,4229,32.079249,118.789614,(025)83585777,待确认,低,百度地图 Place API + 轻量关键词规则,开放空间或街区类 POI，需人工确认携宠规则,待确认,待确认,高,中,携宠规则需出发前确认；高峰期人流较大，建议全程牵引并避开 16:00-18:00,出发前确认,候选节点
公厕,生活服务;公共厕所,玄武湖 公园,南京市玄武区玄武巷1号玄武湖公园内,4905,32.083705,118.799249,,待确认,低,百度地图 Place API + 轻量关键词规则,开放空间或街区类 POI，需人工确认携宠规则,待确认,待确认,高,中,携宠规则需出发前确认；高峰期人流较大，建议全程牵引并避开 16:00-18:00,出发前确认,候选节点
星战酒店(南京玄武湖公园湖南路店),酒店,玄武湖 公园,湖南路18号苏宁环球购物中心7楼,3778,32.075481,118.784677,17372791131,待确认,低,百度地图 Place API + 轻量关键词规则,开放空间或街区类 POI，需人工确认携宠规则,小型犬/中型犬,开放空间,中,中,携宠规则需出发前确认；高峰期人流较大，建议全程牵引并避开 16:00-18:00,出发前确认,散步/休息节点
观光车玄武门站,交通设施,玄武湖 公园,南京市玄武区玄武巷1号玄武湖公园内,4019,32.076581,118.794386,,待确认,低,百度地图 Place API + 轻量关键词规则,开放空间或街区类 POI，需人工确认携宠规则,待确认,待确认,高,中,携宠规则需出发前确认；高峰期人流较大，建议全程牵引并避开 16:00-18:00,出发前确认,候选节点
玄武湖龙舟运动基地接待处,生活服务,玄武湖 公园,南京市玄武区环湖路玄武湖公园龙舟运动基地,4581,32.071764,118.817096,,待确认,低,百度地图 Place API + 轻量关键词规则,开放空间或街区类 POI，需人工确认携宠规则,待确认,待确认,高,中,携宠规则需出发前确认；高峰期人流较大，建议全程牵引并避开 16:00-18:00,出发前确认,候选节点
莫愁湖公园,旅游景点;其他,莫愁湖 公园,南京市建邺区水西门大街132号,1477,32.041142,118.76843,"(025)86613724,(025)86661790",待确认,低,百度地图 Place API + 轻量关键词规则,开放空间或街区类 POI，需人工确认携宠规则,小型犬/中型犬,开放空间,中,中,携宠规则需出发前确认；高峰期人流较大，建议全程牵引并避开 16:00-18:00,出发前确认,散步/休息节点
莫愁湖公园-北门,出入口;门,莫愁湖 公园,水西门大街莫愁湖公园地铁站1号出口,1751,32.04367,118.7657,,待确认,低,百度地图 Place API + 轻量关键词规则,开放空间或街区类 POI，需人工确认携宠规则,小型犬/中型犬,开放空间,中,中,携宠规则需出发前确认；高峰期人流较大，建议全程牵引并避开 16:00-18:00,出发前确认,散步/休息节点
莫愁湖,交通设施;地铁站,莫愁湖 公园,地铁2号线;地铁7号线,1724,32.043175,118.765911,,待确认,低,百度地图 Place API + 轻量关键词规则,开放空间或街区类 POI，需人工确认携宠规则,待确认,待确认,高,中,携宠规则需出发前确认；高峰期人流较大，建议全程牵引并避开 16:00-18:00,出发前确认,候选节点
莫愁湖公园西门,交通设施;公交车站,莫愁湖 公园,20路;20路高峰区间;20路区间;78路;109路;186路;511路;D9路,1898,32.041943,118.763962,,待确认,低,百度地图 Place API + 轻量关键词规则,开放空间或街区类 POI，需人工确认携宠规则,小型犬/中型犬,开放空间,中,中,携宠规则需出发前确认；高峰期人流较大，建议全程牵引并避开 16:00-18:00,出发前确认,散步/休息节点
莫愁湖公园南门,交通设施;公交车站,莫愁湖 公园,7路;13路;19路;37路;41路;48路;134路;134路高峰区间;160路;166路;204路;306路;D9路;Y13路夜间;Y7路夜间,1445,32.037369,118.769563,,待确认,低,百度地图 Place API + 轻量关键词规则,开放空间或街区类 POI，需人工确认携宠规则,小型犬/中型犬,开放空间,中,中,携宠规则需出发前确认；高峰期人流较大，建议全程牵引并避开 16:00-18:00,出发前确认,散步/休息节点
莫愁湖公园-东门,出入口;门,莫愁湖 公园,水西门大街132号南京莫愁湖景区,1373,32.045684,118.770388,,待确认,低,百度地图 Place API + 轻量关键词规则,开放空间或街区类 POI，需人工确认携宠规则,小型犬/中型犬,开放空间,中,中,携宠规则需出发前确认；高峰期人流较大，建议全程牵引并避开 16:00-18:00,出发前确认,散步/休息节点
莫愁湖公园-西侧地上停车场,交通设施;停车场,莫愁湖 公园,莫愁湖西路莫愁湖公园北门,1879,32.041512,118.764164,,待确认,低,百度地图 Place API + 轻量关键词规则,开放空间或街区类 POI，需人工确认携宠规则,小型犬/中型犬,开放空间,中,中,携宠规则需出发前确认；高峰期人流较大，建议全程牵引并避开 16:00-18:00,出发前确认,散步/休息节点
南京莫愁湖景区-售票处,生活服务;售票处,莫愁湖 公园,汉中门大街35号,1765,32.043614,118.765539,(025)86661790,待确认,低,百度地图 Place API + 轻量关键词规则,开放空间或街区类 POI，需人工确认携宠规则,待确认,待确认,高,中,携宠规则需出发前确认；高峰期人流较大，建议全程牵引并避开 16:00-18:00,出发前确认,候选节点
莫愁湖地铁站-2口,出入口;其他,莫愁湖 公园,,1848,32.042741,118.764547,,待确认,低,百度地图 Place API + 轻量关键词规则,开放空间或街区类 POI，需人工确认携宠规则,待确认,待确认,高,中,携宠规则需出发前确认；高峰期人流较大，建议全程牵引并避开 16:00-18:00,出发前确认,候选节点
莫愁湖地铁站-1口,出入口;其他,莫愁湖 公园,,1751,32.04398,118.765748,,待确认,低,百度地图 Place API + 轻量关键词规则,开放空间或街区类 POI，需人工确认携宠规则,待确认,待确认,高,中,携宠规则需出发前确认；高峰期人流较大，建议全程牵引并避开 16:00-18:00,出发前确认,候选节点
南京莫愁湖景区-售票处,生活服务;售票处,莫愁湖 公园,水西门大街132号莫愁湖公园内,1427,32.0376,118.769671,(025)86613724,待确认,低,百度地图 Place API + 轻量关键词规则,开放空间或街区类 POI，需人工确认携宠规则,待确认,待确认,高,中,携宠规则需出发前确认；高峰期人流较大，建议全程牵引并避开 16:00-18:00,出发前确认,候选节点
莫愁湖公园-南1门,出入口;门,莫愁湖 公园,江苏省南京市建邺区水西门大街182号附近,1559,32.037818,118.768136,,待确认,低,百度地图 Place API + 轻量关键词规则,开放空间或街区类 POI，需人工确认携宠规则,小型犬/中型犬,开放空间,中,中,携宠规则需出发前确认；高峰期人流较大，建议全程牵引并避开 16:00-18:00,出发前确认,散步/休息节点
莫愁湖地铁站-5口,出入口;其他,莫愁湖 公园,,1695,32.044113,118.766381,,待确认,低,百度地图 Place API + 轻量关键词规则,开放空间或街区类 POI，需人工确认携宠规则,待确认,待确认,高,中,携宠规则需出发前确认；高峰期人流较大，建议全程牵引并避开 16:00-18:00,出发前确认,候选节点
莫愁湖公园书画馆,文化传媒;美术馆,莫愁湖 公园,江苏省南京市建邺区水西门大街132号,1564,32.0433,118.767642,,待确认,低,百度地图 Place API + 轻量关键词规则,开放空间或街区类 POI，需人工确认携宠规则,小型犬/中型犬,开放空间,中,中,携宠规则需出发前确认；高峰期人流较大，建议全程牵引并避开 16:00-18:00,出发前确认,散步/休息节点
公共厕所(莫愁湖公园),生活服务;公共厕所,莫愁湖 公园,江苏省南京市建邺区莫愁湖西路6号,1822,32.041886,118.764766,,待确认,低,百度地图 Place API + 轻量关键词规则,开放空间或街区类 POI，需人工确认携宠规则,小型犬/中型犬,开放空间,中,中,携宠规则需出发前确认；高峰期人流较大，建议全程牵引并避开 16:00-18:00,出发前确认,散步/休息节点
南京市莫愁湖管理处,政府机构;行政单位,莫愁湖 公园,南京市建邺区莫愁湖西路莫愁湖公园,1921,32.040859,118.763729,(025)86651047,待确认,低,百度地图 Place API + 轻量关键词规则,开放空间或街区类 POI，需人工确认携宠规则,待确认,待确认,高,中,携宠规则需出发前确认；高峰期人流较大，建议全程牵引并避开 16:00-18:00,出发前确认,候选节点
莫愁湖公园-湖心亭,旅游景点,莫愁湖 公园,南京市建邺区水西门大街132号莫愁湖公园,1336,32.042792,118.770007,,待确认,低,百度地图 Place API + 轻量关键词规则,开放空间或街区类 POI，需人工确认携宠规则,小型犬/中型犬,开放空间,中,中,携宠规则需出发前确认；高峰期人流较大，建议全程牵引并避开 16:00-18:00,出发前确认,散步/休息节点
南京莫愁湖景区-游客中心,生活服务;其他,莫愁湖 公园,水西门大街132号南京莫愁湖景区,1427,32.037599,118.769668,,待确认,低,百度地图 Place API + 轻量关键词规则,开放空间或街区类 POI，需人工确认携宠规则,待确认,待确认,高,中,携宠规则需出发前确认；高峰期人流较大，建议全程牵引并避开 16:00-18:00,出发前确认,候选节点
莫愁湖公园-公共厕所,生活服务;公共厕所,莫愁湖 公园,水西门242号,1851,32.039322,118.76463,,待确认,低,百度地图 Place API + 轻量关键词规则,开放空间或街区类 POI，需人工确认携宠规则,小型犬/中型犬,开放空间,中,中,携宠规则需出发前确认；高峰期人流较大，建议全程牵引并避开 16:00-18:00,出发前确认,散步/休息节点
诺阁雅酒店(南京水西门大街莫愁湖公园店),酒店,莫愁湖 公园,水西门大街79号,1285,32.036647,118.771722,(025)86636333,待确认,低,百度地图 Place API + 轻量关键词规则,开放空间或街区类 POI，需人工确认携宠规则,小型犬/中型犬,开放空间,中,中,携宠规则需出发前确认；高峰期人流较大，建议全程牵引并避开 16:00-18:00,出发前确认,散步/休息节点
公厕,生活服务;公共厕所,莫愁湖 公园,莫愁湖公园景区内,1328,32.039316,118.77024,,待确认,低,百度地图 Place API + 轻量关键词规则,开放空间或街区类 POI，需人工确认携宠规则,待确认,待确认,高,中,携宠规则需出发前确认；高峰期人流较大，建议全程牵引并避开 16:00-18:00,出发前确认,候选节点
莫愁湖公园-三道桥码头,交通设施;港口,莫愁湖 公园,南京市建邺区水西门大街132号莫愁湖公园内,1525,32.039488,118.768088,,待确认,低,百度地图 Place API + 轻量关键词规则,开放空间或街区类 POI，需人工确认携宠规则,小型犬/中型犬,开放空间,中,中,携宠规则需出发前确认；高峰期人流较大，建议全程牵引并避开 16:00-18:00,出发前确认,散步/休息节点
莫愁湖公园-母婴室,生活服务;其他,莫愁湖 公园,江苏省南京市建邺区水西门大街132号莫愁湖景区南门游客中心内,1417,32.037646,118.769762,,待确认,低,百度地图 Place API + 轻量关键词规则,开放空间或街区类 POI，需人工确认携宠规则,小型犬/中型犬,开放空间,中,中,携宠规则需出发前确认；高峰期人流较大，建议全程牵引并避开 16:00-18:00,出发前确认,散步/休息节点
莫愁湖游船售票处,生活服务;售票处,莫愁湖 公园,南京市建邺区水西门大街莫愁湖公园,1525,32.039176,118.768154,,待确认,低,百度地图 Place API + 轻量关键词规则,开放空间或街区类 POI，需人工确认携宠规则,待确认,待确认,高,中,携宠规则需出发前确认；高峰期人流较大，建议全程牵引并避开 16:00-18:00,出发前确认,候选节点
慵舍·融合菜(莫愁湖店),美食;中餐厅,莫愁湖 公园,汉中门大街莫愁湖地铁站1号口旁,1781,32.043458,118.765336,(025)86668050,待确认,低,百度地图 Place API + 轻量关键词规则,开放空间或街区类 POI，需人工确认携宠规则,待确认,待确认,高,中,携宠规则需出发前确认；高峰期人流较大，建议全程牵引并避开 16:00-18:00,出发前确认,候选节点
南京莫愁湖景区-电话亭,生活服务,莫愁湖 公园,水西门大街132号南京莫愁湖景区,1689,32.039835,118.766283,,待确认,低,百度地图 Place API + 轻量关键词规则,开放空间或街区类 POI，需人工确认携宠规则,待确认,待确认,高,中,携宠规则需出发前确认；高峰期人流较大，建议全程牵引并避开 16:00-18:00,出发前确认,候选节点
南京莫愁湖景区-自动售卖机,购物;商铺,莫愁湖 公园,水西门大街132号南京莫愁湖景区,1482,32.039222,118.768605,,待确认,低,百度地图 Place API + 轻量关键词规则,开放空间或街区类 POI，需人工确认携宠规则,待确认,待确认,高,中,携宠规则需出发前确认；高峰期人流较大，建议全程牵引并避开 16:00-18:00,出发前确认,候选节点
AED(南京莫愁湖景区),医疗;医疗器械,莫愁湖 公园,水西门大街132号南京莫愁湖景区,1411,32.037758,118.769785,,待确认,低,百度地图 Place API + 轻量关键词规则,开放空间或街区类 POI，需人工确认携宠规则,待确认,待确认,高,中,携宠规则需出发前确认；高峰期人流较大，建议全程牵引并避开 16:00-18:00,出发前确认,候选节点
莫愁东寓小区-30号楼,房地产;内部楼栋,莫愁湖 公园,江苏省南京市建邺区莫愁湖东路108巷小区(莫愁湖公园东),984,32.040876,118.773684,,待确认,低,百度地图 Place API + 轻量关键词规则,开放空间或街区类 POI，需人工确认携宠规则,待确认,待确认,高,中,携宠规则需出发前确认；高峰期人流较大，建议全程牵引并避开 16:00-18:00,出发前确认,候选节点
莫愁东寓小区-3栋,房地产;内部楼栋,莫愁湖 公园,江苏省南京市建邺区凤台路莫愁东寓小区(莫愁湖公园东),992,32.038698,118.774105,,待确认,低,百度地图 Place API + 轻量关键词规则,开放空间或街区类 POI，需人工确认携宠规则,待确认,待确认,高,中,携宠规则需出发前确认；高峰期人流较大，建议全程牵引并避开 16:00-18:00,出发前确认,候选节点
鱼满楼·金陵手作菜(水西门大街店),美食;中餐厅,莫愁湖 公园,水西门大街99号莫愁湖公园南门正对面,1457,32.037048,118.769557,(025)66927999,待确认,低,百度地图 Place API + 轻量关键词规则,开放空间或街区类 POI，需人工确认携宠规则,待确认,待确认,高,中,携宠规则需出发前确认；高峰期人流较大，建议全程牵引并避开 16:00-18:00,出发前确认,候选节点
公厕,生活服务;公共厕所,莫愁湖 公园,水西门大街94号,1404,32.037994,118.769779,,待确认,低,百度地图 Place API + 轻量关键词规则,开放空间或街区类 POI，需人工确认携宠规则,待确认,待确认,高,中,携宠规则需出发前确认；高峰期人流较大，建议全程牵引并避开 16:00-18:00,出发前确认,候选节点
莫愁东寓小区-36号楼,房地产;内部楼栋,莫愁湖 公园,江苏省南京市建邺区莫愁湖东路108巷小区(莫愁湖公园东),1020,32.040968,118.773289,,待确认,低,百度地图 Place API + 轻量关键词规则,开放空间或街区类 POI，需人工确认携宠规则,待确认,待确认,高,中,携宠规则需出发前确认；高峰期人流较大，建议全程牵引并避开 16:00-18:00,出发前确认,候选节点
公厕,生活服务;公共厕所,莫愁湖 公园,水西门242号,1851,32.039325,118.76463,,待确认,低,百度地图 Place API + 轻量关键词规则,开放空间或街区类 POI，需人工确认携宠规则,待确认,待确认,高,中,携宠规则需出发前确认；高峰期人流较大，建议全程牵引并避开 16:00-18:00,出发前确认,候选节点
南京莫愁湖景区-游客咨询处,公司企业;公司,莫愁湖 公园,水西门大街132号南京莫愁湖景区,1765,32.043612,118.76554,,待确认,低,百度地图 Place API + 轻量关键词规则,开放空间或街区类 POI，需人工确认携宠规则,待确认,待确认,高,中,携宠规则需出发前确认；高峰期人流较大，建议全程牵引并避开 16:00-18:00,出发前确认,候选节点
南京莫愁湖景区-自动售卖机,购物;其他,莫愁湖 公园,水西门大街132号南京莫愁湖景区,1409,32.038078,118.7697,,待确认,低,百度地图 Place API + 轻量关键词规则,开放空间或街区类 POI，需人工确认携宠规则,待确认,待确认,高,中,携宠规则需出发前确认；高峰期人流较大，建议全程牵引并避开 16:00-18:00,出发前确认,候选节点
南京莫愁湖景区-休息亭,生活服务,莫愁湖 公园,水西门大街132号南京莫愁湖景区,1815,32.039069,118.765051,,待确认,低,百度地图 Place API + 轻量关键词规则,开放空间或街区类 POI，需人工确认携宠规则,待确认,待确认,高,中,携宠规则需出发前确认；高峰期人流较大，建议全程牵引并避开 16:00-18:00,出发前确认,候选节点
园中园公寓-2幢,房地产;内部楼栋,莫愁湖 公园,江苏省南京市建邺区莫愁湖西路园中园公寓(莫愁湖公园西),1973,32.03926,118.763328,,待确认,低,百度地图 Place API + 轻量关键词规则,开放空间或街区类 POI，需人工确认携宠规则,待确认,待确认,高,中,携宠规则需出发前确认；高峰期人流较大，建议全程牵引并避开 16:00-18:00,出发前确认,候选节点
锦江之星(南京莫愁湖云锦路地铁站店),酒店;其他,莫愁湖 公园,水西门大街茶南小区拓园5幢24号,2765,32.040224,118.754795,(025)86601777,待确认,低,百度地图 Place API + 轻量关键词规则,开放空间或街区类 POI，需人工确认携宠规则,待确认,待确认,高,中,携宠规则需出发前确认；高峰期人流较大，建议全程牵引并避开 16:00-18:00,出发前确认,候选节点
快鱼(夫子庙步行街店),购物;商铺,夫子庙 步行街,夫子庙贡院西街69号,1834,32.028095,118.79545,4006699588,待确认,低,百度地图 Place API + 轻量关键词规则,未命中明确宠物友好证据,小型犬/中型犬,商业街区,高,中,携宠规则需出发前确认；高峰期人流较大，建议全程牵引并避开 16:00-18:00,出发前确认,散步/休息节点
林耀荟广场(夫子庙步行街店),购物;商铺,夫子庙 步行街,教敷营38号,1649,32.028652,118.792844,(025)84445857,待确认,低,百度地图 Place API + 轻量关键词规则,开放空间或街区类 POI，需人工确认携宠规则,小型犬/中型犬,开放空间,中,中,携宠规则需出发前确认；高峰期人流较大，建议全程牵引并避开 16:00-18:00,出发前确认,散步/休息节点
全季酒店(南京夫子庙步行街店),酒店,夫子庙 步行街,夫子庙瞻园路21号3楼,1908,32.025918,118.79258,(025)85893288,待确认,低,百度地图 Place API + 轻量关键词规则,未命中明确宠物友好证据,小型犬/中型犬,商业街区,高,中,携宠规则需出发前确认；高峰期人流较大，建议全程牵引并避开 16:00-18:00,出发前确认,散步/休息节点
夫子庙步行街,购物;其他,夫子庙 步行街,江苏省南京市秦淮区瞻园路7号,1854,32.02782,118.795358,(025)52219286,待确认,低,百度地图 Place API + 轻量关键词规则,未命中明确宠物友好证据,小型犬/中型犬,商业街区,高,中,携宠规则需出发前确认；高峰期人流较大，建议全程牵引并避开 16:00-18:00,出发前确认,散步/休息节点
谢馥春(夫子庙步行街店),购物;商铺,夫子庙 步行街,大石坝街79-3号,2176,32.02476,118.796057,18651866271,待确认,低,百度地图 Place API + 轻量关键词规则,未命中明确宠物友好证据,小型犬/中型犬,商业街区,高,中,携宠规则需出发前确认；高峰期人流较大，建议全程牵引并避开 16:00-18:00,出发前确认,散步/休息节点
你好酒店(南京夫子庙步行街店),酒店,夫子庙 步行街,瞻园路29号,1925,32.025502,118.79191,(025)52213080,待确认,低,百度地图 Place API + 轻量关键词规则,未命中明确宠物友好证据,小型犬/中型犬,商业街区,高,中,携宠规则需出发前确认；高峰期人流较大，建议全程牵引并避开 16:00-18:00,出发前确认,散步/休息节点
老北京布鞋(夫子庙步行街店),购物;商铺,夫子庙 步行街,夫子庙瞻园路9号奥特莱斯商场(瞻园店)1F层,1905,32.026141,118.793067,,待确认,低,百度地图 Place API + 轻量关键词规则,未命中明确宠物友好证据,小型犬/中型犬,商业街区,高,中,携宠规则需出发前确认；高峰期人流较大，建议全程牵引并避开 16:00-18:00,出发前确认,散步/休息节点
长银礼品(夫子庙步行街店),购物;商铺,夫子庙 步行街,夫子庙西市5号,1920,32.026881,118.794939,13851649273,待确认,低,百度地图 Place API + 轻量关键词规则,未命中明确宠物友好证据,小型犬/中型犬,商业街区,高,中,携宠规则需出发前确认；高峰期人流较大，建议全程牵引并避开 16:00-18:00,出发前确认,散步/休息节点
如家睿柏·云酒店(南京夫子庙景区步行街店),酒店,夫子庙 步行街,大石坝街71号,2160,32.025339,118.796831,(025)69771991,待确认,低,百度地图 Place API + 轻量关键词规则,未命中明确宠物友好证据,小型犬/中型犬,商业街区,高,中,携宠规则需出发前确认；高峰期人流较大，建议全程牵引并避开 16:00-18:00,出发前确认,散步/休息节点
夫子庙步行街-西二出入口,出入口;门,夫子庙 步行街,南京市秦淮区瞻园路7号附近,2030,32.025575,118.794641,,待确认,低,百度地图 Place API + 轻量关键词规则,未命中明确宠物友好证据,小型犬/中型犬,商业街区,高,中,携宠规则需出发前确认；高峰期人流较大，建议全程牵引并避开 16:00-18:00,出发前确认,散步/休息节点
夫子庙步行街-北出入口,出入口,夫子庙 步行街,南京市秦淮区夫子庙贡院西街53号南京夫子庙步行街,1771,32.028669,118.795247,,待确认,低,百度地图 Place API + 轻量关键词规则,未命中明确宠物友好证据,小型犬/中型犬,商业街区,高,中,携宠规则需出发前确认；高峰期人流较大，建议全程牵引并避开 16:00-18:00,出发前确认,散步/休息节点
妃小姐服饰(夫子庙步行街店),购物;商铺,夫子庙 步行街,建康路106-7号,1739,32.029396,118.795796,,待确认,低,百度地图 Place API + 轻量关键词规则,未命中明确宠物友好证据,小型犬/中型犬,商业街区,高,中,携宠规则需出发前确认；高峰期人流较大，建议全程牵引并避开 16:00-18:00,出发前确认,散步/休息节点
朱氏鸭铺(夫子庙步行街店),美食;其他,夫子庙 步行街,贡院街与夫子庙步行街交叉口西北20米,2014,32.026081,118.795314,19951984293,待确认,低,百度地图 Place API + 轻量关键词规则,未命中明确宠物友好证据,小型犬/中型犬,商业街区,高,中,携宠规则需出发前确认；高峰期人流较大，建议全程牵引并避开 16:00-18:00,出发前确认,散步/休息节点
泮池游船码头,交通设施;港口,夫子庙 步行街,南京市秦淮区夫子庙景区步行街与夫子庙步行街交叉口东50米,2035,32.026182,118.795925,(025)52300870,待确认,低,百度地图 Place API + 轻量关键词规则,未命中明确宠物友好证据,待确认,待确认,高,中,携宠规则需出发前确认；高峰期人流较大，建议全程牵引并避开 16:00-18:00,出发前确认,候选节点
熙南里文化街区,购物;其他,夫子庙 步行街,江苏省南京市秦淮区中山南路熙南里街区9号,1201,32.031203,118.787961,"(025)86882617,(0258)6629178",待确认,低,百度地图 Place API + 轻量关键词规则,未命中明确宠物友好证据,小型犬/中型犬,商业街区,高,中,携宠规则需出发前确认；高峰期人流较大，建议全程牵引并避开 16:00-18:00,出发前确认,散步/休息节点
建康路/夫子庙步行街(路口),购物;其他,夫子庙 步行街,南京市秦淮区建康路南京市夫子庙小学南侧,1786,32.02977,118.797053,,待确认,低,百度地图 Place API + 轻量关键词规则,未命中明确宠物友好证据,小型犬/中型犬,商业街区,高,中,携宠规则需出发前确认；高峰期人流较大，建议全程牵引并避开 16:00-18:00,出发前确认,散步/休息节点
石友堂(夫子庙步行街店),购物;商铺,夫子庙 步行街,南京市秦淮区夫子庙步行街一品嘉园西南2门西北侧约60米,2170,32.02494,118.79629,17705198668,待确认,低,百度地图 Place API + 轻量关键词规则,未命中明确宠物友好证据,小型犬/中型犬,商业街区,高,中,携宠规则需出发前确认；高峰期人流较大，建议全程牵引并避开 16:00-18:00,出发前确认,散步/休息节点
王品牛排(南京中山南路店),美食;外国餐厅,夫子庙 步行街,中山南路熙南里商业街区9号,1201,32.031408,118.788666,17312145503,待确认,低,百度地图 Place API + 轻量关键词规则,未命中明确宠物友好证据,待确认,待确认,高,中,携宠规则需出发前确认；高峰期人流较大，建议全程牵引并避开 16:00-18:00,出发前确认,候选节点
状元郎主题馆(夫子庙步行街店),购物;商铺,夫子庙 步行街,贡院街97号,2032,32.027204,118.797535,(025)86772960,待确认,低,百度地图 Place API + 轻量关键词规则,未命中明确宠物友好证据,小型犬/中型犬,商业街区,高,中,携宠规则需出发前确认；高峰期人流较大，建议全程牵引并避开 16:00-18:00,出发前确认,散步/休息节点
聚贤楼-地下停车场,交通设施;停车场,夫子庙 步行街,南京市秦淮区瞻园路夫子庙步行街,1995,32.025863,118.794478,,待确认,低,百度地图 Place API + 轻量关键词规则,未命中明确宠物友好证据,待确认,待确认,高,中,携宠规则需出发前确认；高峰期人流较大，建议全程牵引并避开 16:00-18:00,出发前确认,候选节点
恒爱珍珠(夫子庙步行街店),购物;商铺,夫子庙 步行街,夫子庙东市22号-8,1968,32.02686,118.795833,(025)68225099,待确认,低,百度地图 Place API + 轻量关键词规则,未命中明确宠物友好证据,小型犬/中型犬,商业街区,高,中,携宠规则需出发前确认；高峰期人流较大，建议全程牵引并避开 16:00-18:00,出发前确认,散步/休息节点
墨云轩(夫子庙步行街店),购物;商铺,夫子庙 步行街,夫子庙西市7号-1,1913,32.026905,118.794863,,待确认,低,百度地图 Place API + 轻量关键词规则,未命中明确宠物友好证据,小型犬/中型犬,商业街区,高,中,携宠规则需出发前确认；高峰期人流较大，建议全程牵引并避开 16:00-18:00,出发前确认,散步/休息节点
夫子庙步行街,道路,夫子庙 步行街,江苏省南京市秦淮区,1912,32.025845,118.795156,,待确认,低,百度地图 Place API + 轻量关键词规则,未命中明确宠物友好证据,小型犬/中型犬,商业街区,高,中,携宠规则需出发前确认；高峰期人流较大，建议全程牵引并避开 16:00-18:00,出发前确认,散步/休息节点
老门东步行街,购物;其他,夫子庙 步行街,江苏省南京市秦淮区东步行街131号,2687,32.018923,118.794281,(025)58776699,待确认,低,百度地图 Place API + 轻量关键词规则,未命中明确宠物友好证据,小型犬/中型犬,商业街区,高,中,携宠规则需出发前确认；高峰期人流较大，建议全程牵引并避开 16:00-18:00,出发前确认,散步/休息节点
泸溪河桃酥(秦淮夫子庙一店),美食;蛋糕甜品店,夫子庙 步行街,建康路70号,1657,32.0291,118.793851,,待确认,低,百度地图 Place API + 轻量关键词规则,未命中明确宠物友好证据,待确认,待确认,高,中,携宠规则需出发前确认；高峰期人流较大，建议全程牵引并避开 16:00-18:00,出发前确认,候选节点
盈嘉大厦,房地产;写字楼,夫子庙 步行街,南京市秦淮区中山南路369号（三山街地铁站3号口步行130米）,1428,32.029205,118.788481,,待确认,低,百度地图 Place API + 轻量关键词规则,未命中明确宠物友好证据,待确认,待确认,高,中,携宠规则需出发前确认；高峰期人流较大，建议全程牵引并避开 16:00-18:00,出发前确认,候选节点
平江府路/夫子庙步行街(路口),道路;路口,夫子庙 步行街,江苏省南京市秦淮区,1835,32.029633,118.79764,,待确认,低,百度地图 Place API + 轻量关键词规则,未命中明确宠物友好证据,小型犬/中型犬,商业街区,高,中,携宠规则需出发前确认；高峰期人流较大，建议全程牵引并避开 16:00-18:00,出发前确认,散步/休息节点
夫子庙步行街-东一出入口,出入口;门,夫子庙 步行街,南京市秦淮区夫子庙贡院西街53号南京夫子庙步行街,2018,32.028066,118.798504,,待确认,低,百度地图 Place API + 轻量关键词规则,未命中明确宠物友好证据,小型犬/中型犬,商业街区,高,中,携宠规则需出发前确认；高峰期人流较大，建议全程牵引并避开 16:00-18:00,出发前确认,散步/休息节点
亚月宾馆(南京夫子庙步行街店),酒店,夫子庙 步行街,夫子庙一品嘉园1号-19,2185,32.025417,118.797435,"13382766398,18114038770",待确认,低,百度地图 Place API + 轻量关键词规则,未命中明确宠物友好证据,小型犬/中型犬,商业街区,高,中,携宠规则需出发前确认；高峰期人流较大，建议全程牵引并避开 16:00-18:00,出发前确认,散步/休息节点
德友玉器(夫子庙步行街店),购物;商铺,夫子庙 步行街,夫子庙西市2-8号,1947,32.026731,118.795196,,待确认,低,百度地图 Place API + 轻量关键词规则,未命中明确宠物友好证据,小型犬/中型犬,商业街区,高,中,携宠规则需出发前确认；高峰期人流较大，建议全程牵引并避开 16:00-18:00,出发前确认,散步/休息节点
南京天之缘宾馆(秦淮河夫子庙步行街店),酒店,夫子庙 步行街,夫子庙一品嘉园1-11室,2185,32.025824,118.798079,18114003111,待确认,低,百度地图 Place API + 轻量关键词规则,未命中明确宠物友好证据,小型犬/中型犬,商业街区,高,中,携宠规则需出发前确认；高峰期人流较大，建议全程牵引并避开 16:00-18:00,出发前确认,散步/休息节点
罗马假日,房地产;住宅区,夫子庙 步行街,南京市秦淮区弓箭坊55号(三山街地铁站1号口步行260米),1279,32.030129,118.786148,,待确认,低,百度地图 Place API + 轻量关键词规则,未命中明确宠物友好证据,待确认,待确认,高,中,携宠规则需出发前确认；高峰期人流较大，建议全程牵引并避开 16:00-18:00,出发前确认,候选节点
清亚酒店(南京夫子庙景区店),酒店,夫子庙 步行街,江苏省南京市秦淮区夫子庙步行街(古秦淮东牌坊西南150米),1939,32.027432,118.796271,"(025)86626678,17755520459,18061688846",待确认,低,百度地图 Place API + 轻量关键词规则,未命中明确宠物友好证据,待确认,待确认,高,中,携宠规则需出发前确认；高峰期人流较大，建议全程牵引并避开 16:00-18:00,出发前确认,候选节点
贡院西街/夫子庙步行街(路口),道路;路口,夫子庙 步行街,江苏省南京市秦淮区,1914,32.027486,118.795896,,待确认,低,百度地图 Place API + 轻量关键词规则,未命中明确宠物友好证据,小型犬/中型犬,商业街区,高,中,携宠规则需出发前确认；高峰期人流较大，建议全程牵引并避开 16:00-18:00,出发前确认,散步/休息节点
小猪找肉(夫子庙步行街店),美食;小吃快餐店,夫子庙 步行街,夫子庙贡院西街37号(夫子庙地铁站3号口步行450米),1875,32.027822,118.795736,"15056159231,18550850807",待确认,低,百度地图 Place API + 轻量关键词规则,未命中明确宠物友好证据,小型犬/中型犬,商业街区,高,中,携宠规则需出发前确认；高峰期人流较大，建议全程牵引并避开 16:00-18:00,出发前确认,散步/休息节点
绿柳居(夫子庙店),美食;小吃快餐店,夫子庙 步行街,建康路68-1号（夫子庙地铁站2号口步行460米）,1682,32.02882,118.793842,(025)84876806,待确认,低,百度地图 Place API + 轻量关键词规则,未命中明确宠物友好证据,待确认,待确认,高,中,携宠规则需出发前确认；高峰期人流较大，建议全程牵引并避开 16:00-18:00,出发前确认,候选节点
nh(夫子庙步行街店),购物;商铺,夫子庙 步行街,南京市秦淮区夫子庙北门牌坊东侧临街商铺,1728,32.029207,118.795328,,待确认,低,百度地图 Place API + 轻量关键词规则,未命中明确宠物友好证据,小型犬/中型犬,商业街区,高,中,携宠规则需出发前确认；高峰期人流较大，建议全程牵引并避开 16:00-18:00,出发前确认,散步/休息节点
夫子庙步行街-东二出入口,出入口;门,夫子庙 步行街,南京市秦淮区夫子庙景区步行街与平江府路交叉口西南50米,2135,32.027146,118.799152,,待确认,低,百度地图 Place API + 轻量关键词规则,未命中明确宠物友好证据,小型犬/中型犬,商业街区,高,中,携宠规则需出发前确认；高峰期人流较大，建议全程牵引并避开 16:00-18:00,出发前确认,散步/休息节点
南京大牌档(夫子庙平江府店),美食;小吃快餐店,夫子庙 步行街,大石坝街48号（平江府路与大石坝街交叉口）,2123,32.027225,118.799063,(025)83121077,待确认,低,百度地图 Place API + 轻量关键词规则,未命中明确宠物友好证据,待确认,待确认,高,中,携宠规则需出发前确认；高峰期人流较大，建议全程牵引并避开 16:00-18:00,出发前确认,候选节点
